Path,Type,Depth,Parent
"1. Master",Folder,0,""
"2. Frontend",Folder,0,""
"3. Backend",Folder,0,""
"4. Both",Folder,0,""
".dockerignore",File,0,""
".editorconfig",File,0,""
".eslintignore",File,0,""
".eslintrc.js",File,0,""
".gitattributes",File,0,""
".gitignore",File,0,""
"babel.config.cjs",File,0,""
"package-lock.json",File,0,""
"package.json",File,0,""
"README.md",File,0,""
"tsconfig.eslint.json",File,0,""
"tsconfig.json",File,0,""
"yarn.lock",File,0,""
"1. Master\1. Scripts",Folder,1,"1. Master"
"1. Master\2. Data",Folder,1,"1. Master"
"1. Master\1. Scripts\build_backend.ps1",File,2,"1. Master\1. Scripts"
"1. Master\1. Scripts\start-dev.bat",File,2,"1. Master\1. Scripts"
"1. Master\1. Scripts\start-dev.bat - Shortcut.lnk",File,2,"1. Master\1. Scripts"
"1. Master\2. Data\cache",Folder,2,"1. Master\2. Data"
"1. Master\2. Data\cachedimages",Folder,2,"1. Master\2. Data"
"1. Master\2. Data\jar",Folder,2,"1. Master\2. Data"
"1. Master\2. Data\locales",Folder,2,"1. Master\2. Data"
"1. Master\2. Data\py",Folder,2,"1. Master\2. Data"
"1. Master\2. Data\tessdata",Folder,2,"1. Master\2. Data"
"1. Master\2. Data\cache\artifactdata.json",File,3,"1. Master\2. Data\cache"
"1. Master\2. Data\cache\herodata.json",File,3,"1. Master\2. Data\cache"
"1. Master\2. Data\cachedimages combined (all .png assets)",Folder,2,"1. Master\2. Data"
"1. Master\2. Data\jar\backend.jar",File,3,"1. Master\2. Data\jar"
"1. Master\2. Data\locales combined (all translation files)",Folder,2,"1. Master\2. Data"
"1. Master\2. Data\py\.config",Folder,3,"1. Master\2. Data\py"
"1. Master\2. Data\py\.github",Folder,3,"1. Master\2. Data\py"
"1. Master\2. Data\py\doc",Folder,3,"1. Master\2. Data\py"
"1. Master\2. Data\py\scapy",Folder,3,"1. Master\2. Data\py"
"1. Master\2. Data\py\test",Folder,3,"1. Master\2. Data\py"
"1. Master\2. Data\py\.appveyor.yml",File,3,"1. Master\2. Data\py"
"1. Master\2. Data\py\.gitattributes",File,3,"1. Master\2. Data\py"
"1. Master\2. Data\py\.gitignore",File,3,"1. Master\2. Data\py"
"1. Master\2. Data\py\.readthedocs.yml",File,3,"1. Master\2. Data\py"
"1. Master\2. Data\py\.travis.yml",File,3,"1. Master\2. Data\py"
"1. Master\2. Data\py\CONTRIBUTING.md",File,3,"1. Master\2. Data\py"
"1. Master\2. Data\py\LICENSE",File,3,"1. Master\2. Data\py"
"1. Master\2. Data\py\MANIFEST.in",File,3,"1. Master\2. Data\py"
"1. Master\2. Data\py\README",File,3,"1. Master\2. Data\py"
"1. Master\2. Data\py\README.md",File,3,"1. Master\2. Data\py"
"1. Master\2. Data\py\run_scapy",File,3,"1. Master\2. Data\py"
"1. Master\2. Data\py\run_scapy.bat",File,3,"1. Master\2. Data\py"
"1. Master\2. Data\py\scanner.py",File,3,"1. Master\2. Data\py"
"1. Master\2. Data\py\setup.cfg",File,3,"1. Master\2. Data\py"
"1. Master\2. Data\py\setup.py",File,3,"1. Master\2. Data\py"
"1. Master\2. Data\py\tox.ini",File,3,"1. Master\2. Data\py"
"1. Master\2. Data\py\.config\appveyor",Folder,4,"1. Master\2. Data\py\.config"
"1. Master\2. Data\py\.config\ci",Folder,4,"1. Master\2. Data\py\.config"
"1. Master\2. Data\py\.config\mypy",Folder,4,"1. Master\2. Data\py\.config"
"1. Master\2. Data\py\.config\codespell_ignore.txt",File,4,"1. Master\2. Data\py\.config"
"1. Master\2. Data\py\.config\appveyor\InstallNpcap.ps1",File,5,"1. Master\2. Data\py\.config\appveyor"
"1. Master\2. Data\py\.config\appveyor\InstallWindumpNpcap.ps1",File,5,"1. Master\2. Data\py\.config\appveyor"
"1. Master\2. Data\py\.config\ci\install.sh",File,5,"1. Master\2. Data\py\.config\ci"
"1. Master\2. Data\py\.config\ci\openssl.py",File,5,"1. Master\2. Data\py\.config\ci"
"1. Master\2. Data\py\.config\ci\test.sh",File,5,"1. Master\2. Data\py\.config\ci"
"1. Master\2. Data\py\.config\mypy\mypy_check.py",File,5,"1. Master\2. Data\py\.config\mypy"
"1. Master\2. Data\py\.config\mypy\mypy_deployment_stats.py",File,5,"1. Master\2. Data\py\.config\mypy"
"1. Master\2. Data\py\.config\mypy\mypy_enabled.txt",File,5,"1. Master\2. Data\py\.config\mypy"
"1. Master\2. Data\py\.config\mypy\mypy.ini",File,5,"1. Master\2. Data\py\.config\mypy"
"1. Master\2. Data\py\.github\ISSUE_TEMPLATE",Folder,4,"1. Master\2. Data\py\.github"
"1. Master\2. Data\py\.github\workflows",Folder,4,"1. Master\2. Data\py\.github"
"1. Master\2. Data\py\.github\codecov.yml",File,4,"1. Master\2. Data\py\.github"
"1. Master\2. Data\py\.github\FUNDING.yml",File,4,"1. Master\2. Data\py\.github"
"1. Master\2. Data\py\.github\PULL_REQUEST_TEMPLATE.md",File,4,"1. Master\2. Data\py\.github"
"1. Master\2. Data\py\.github\ISSUE_TEMPLATE\BUGS.yml",File,5,"1. Master\2. Data\py\.github\ISSUE_TEMPLATE"
"1. Master\2. Data\py\.github\ISSUE_TEMPLATE\config.yml",File,5,"1. Master\2. Data\py\.github\ISSUE_TEMPLATE"
"1. Master\2. Data\py\.github\workflows\unittests.yml",File,5,"1. Master\2. Data\py\.github\workflows"
"1. Master\2. Data\py\doc\notebooks",Folder,4,"1. Master\2. Data\py\doc"
"1. Master\2. Data\py\doc\scapy",Folder,4,"1. Master\2. Data\py\doc"
"1. Master\2. Data\py\doc\syntax",Folder,4,"1. Master\2. Data\py\doc"
"1. Master\2. Data\py\doc\vagrant_ci",Folder,4,"1. Master\2. Data\py\doc"
"1. Master\2. Data\py\doc\scapy_logo.png",File,4,"1. Master\2. Data\py\doc"
"1. Master\2. Data\py\doc\scapy.1",File,4,"1. Master\2. Data\py\doc"
"1. Master\2. Data\py\doc\notebooks\tls",Folder,5,"1. Master\2. Data\py\doc\notebooks"
"1. Master\2. Data\py\doc\notebooks\graphs-ipids.ipynb",File,5,"1. Master\2. Data\py\doc\notebooks"
"1. Master\2. Data\py\doc\notebooks\HTTP_2_Tuto.ipynb",File,5,"1. Master\2. Data\py\doc\notebooks"
"1. Master\2. Data\py\doc\notebooks\Scapy in 15 minutes.ipynb",File,5,"1. Master\2. Data\py\doc\notebooks"
"1. Master\2. Data\py\doc\notebooks\tls\images",Folder,6,"1. Master\2. Data\py\doc\notebooks\tls"
"1. Master\2. Data\py\doc\notebooks\tls\raw_data",Folder,6,"1. Master\2. Data\py\doc\notebooks\tls"
"1. Master\2. Data\py\doc\notebooks\tls\notebook1_x509.ipynb",File,6,"1. Master\2. Data\py\doc\notebooks\tls"
"1. Master\2. Data\py\doc\notebooks\tls\notebook2_tls_protected.ipynb",File,6,"1. Master\2. Data\py\doc\notebooks\tls"
"1. Master\2. Data\py\doc\notebooks\tls\notebook3_tls_compromised.ipynb",File,6,"1. Master\2. Data\py\doc\notebooks\tls"
"1. Master\2. Data\py\doc\notebooks\tls\notebook4_tls13.ipynb",File,6,"1. Master\2. Data\py\doc\notebooks\tls"
"1. Master\2. Data\py\doc\notebooks\tls\images\handshake_tls12.png",File,7,"1. Master\2. Data\py\doc\notebooks\tls\images"
"1. Master\2. Data\py\doc\notebooks\tls\images\handshake_tls13.png",File,7,"1. Master\2. Data\py\doc\notebooks\tls\images"
"1. Master\2. Data\py\doc\notebooks\tls\raw_data\pki",Folder,7,"1. Master\2. Data\py\doc\notebooks\tls\raw_data"
"1. Master\2. Data\py\doc\notebooks\tls\raw_data\tls_session_13",Folder,7,"1. Master\2. Data\py\doc\notebooks\tls\raw_data"
"1. Master\2. Data\py\doc\notebooks\tls\raw_data\tls_session_compromised",Folder,7,"1. Master\2. Data\py\doc\notebooks\tls\raw_data"
"1. Master\2. Data\py\doc\notebooks\tls\raw_data\tls_session_protected",Folder,7,"1. Master\2. Data\py\doc\notebooks\tls\raw_data"
"1. Master\2. Data\py\doc\notebooks\tls\raw_data\tls_nss_example.keys.txt",File,7,"1. Master\2. Data\py\doc\notebooks\tls\raw_data"
"1. Master\2. Data\py\doc\notebooks\tls\raw_data\tls_nss_example.pcap",File,7,"1. Master\2. Data\py\doc\notebooks\tls\raw_data"
"1. Master\2. Data\py\doc\notebooks\tls\raw_data\pki\ca_cert.der",File,8,"1. Master\2. Data\py\doc\notebooks\tls\raw_data\pki"
"1. Master\2. Data\py\doc\notebooks\tls\raw_data\pki\ca_key.der",File,8,"1. Master\2. Data\py\doc\notebooks\tls\raw_data\pki"
"1. Master\2. Data\py\doc\notebooks\tls\raw_data\pki\srv_cert.pem",File,8,"1. Master\2. Data\py\doc\notebooks\tls\raw_data\pki"
"1. Master\2. Data\py\doc\notebooks\tls\raw_data\pki\srv_key.pem",File,8,"1. Master\2. Data\py\doc\notebooks\tls\raw_data\pki"
"1. Master\2. Data\py\doc\notebooks\tls\raw_data\tls_session_13\01_cli.raw",File,8,"1. Master\2. Data\py\doc\notebooks\tls\raw_data\tls_session_13"
"1. Master\2. Data\py\doc\notebooks\tls\raw_data\tls_session_13\02_srv.raw",File,8,"1. Master\2. Data\py\doc\notebooks\tls\raw_data\tls_session_13"
"1. Master\2. Data\py\doc\notebooks\tls\raw_data\tls_session_13\03_srv.raw",File,8,"1. Master\2. Data\py\doc\notebooks\tls\raw_data\tls_session_13"
"1. Master\2. Data\py\doc\notebooks\tls\raw_data\tls_session_13\04_srv.raw",File,8,"1. Master\2. Data\py\doc\notebooks\tls\raw_data\tls_session_13"
"1. Master\2. Data\py\doc\notebooks\tls\raw_data\tls_session_13\05_srv.raw",File,8,"1. Master\2. Data\py\doc\notebooks\tls\raw_data\tls_session_13"
"1. Master\2. Data\py\doc\notebooks\tls\raw_data\tls_session_13\06_srv.raw",File,8,"1. Master\2. Data\py\doc\notebooks\tls\raw_data\tls_session_13"
"1. Master\2. Data\py\doc\notebooks\tls\raw_data\tls_session_13\07_cli.raw",File,8,"1. Master\2. Data\py\doc\notebooks\tls\raw_data\tls_session_13"
"1. Master\2. Data\py\doc\notebooks\tls\raw_data\tls_session_13\08_cli.raw",File,8,"1. Master\2. Data\py\doc\notebooks\tls\raw_data\tls_session_13"
"1. Master\2. Data\py\doc\notebooks\tls\raw_data\tls_session_13\09_srv.raw",File,8,"1. Master\2. Data\py\doc\notebooks\tls\raw_data\tls_session_13"
"1. Master\2. Data\py\doc\notebooks\tls\raw_data\tls_session_13\cli_key.raw",File,8,"1. Master\2. Data\py\doc\notebooks\tls\raw_data\tls_session_13"
"1. Master\2. Data\py\doc\notebooks\tls\raw_data\tls_session_13\srv_key.raw",File,8,"1. Master\2. Data\py\doc\notebooks\tls\raw_data\tls_session_13"
"1. Master\2. Data\py\doc\notebooks\tls\raw_data\tls_session_compromised\01_cli.raw",File,8,"1. Master\2. Data\py\doc\notebooks\tls\raw_data\tls_session_compromised"
"1. Master\2. Data\py\doc\notebooks\tls\raw_data\tls_session_compromised\02_srv.raw",File,8,"1. Master\2. Data\py\doc\notebooks\tls\raw_data\tls_session_compromised"
"1. Master\2. Data\py\doc\notebooks\tls\raw_data\tls_session_compromised\03_cli.raw",File,8,"1. Master\2. Data\py\doc\notebooks\tls\raw_data\tls_session_compromised"
"1. Master\2. Data\py\doc\notebooks\tls\raw_data\tls_session_compromised\04_srv.raw",File,8,"1. Master\2. Data\py\doc\notebooks\tls\raw_data\tls_session_compromised"
"1. Master\2. Data\py\doc\notebooks\tls\raw_data\tls_session_compromised\05_cli.raw",File,8,"1. Master\2. Data\py\doc\notebooks\tls\raw_data\tls_session_compromised"
"1. Master\2. Data\py\doc\notebooks\tls\raw_data\tls_session_protected\01_cli.raw",File,8,"1. Master\2. Data\py\doc\notebooks\tls\raw_data\tls_session_protected"
"1. Master\2. Data\py\doc\notebooks\tls\raw_data\tls_session_protected\02_srv.raw",File,8,"1. Master\2. Data\py\doc\notebooks\tls\raw_data\tls_session_protected"
"1. Master\2. Data\py\doc\notebooks\tls\raw_data\tls_session_protected\03_srv.raw",File,8,"1. Master\2. Data\py\doc\notebooks\tls\raw_data\tls_session_protected"
"1. Master\2. Data\py\doc\notebooks\tls\raw_data\tls_session_protected\04_srv.raw",File,8,"1. Master\2. Data\py\doc\notebooks\tls\raw_data\tls_session_protected"
"1. Master\2. Data\py\doc\notebooks\tls\raw_data\tls_session_protected\05_cli.raw",File,8,"1. Master\2. Data\py\doc\notebooks\tls\raw_data\tls_session_protected"
"1. Master\2. Data\py\doc\notebooks\tls\raw_data\tls_session_protected\06_srv.raw",File,8,"1. Master\2. Data\py\doc\notebooks\tls\raw_data\tls_session_protected"
"1. Master\2. Data\py\doc\notebooks\tls\raw_data\tls_session_protected\07_cli.raw",File,8,"1. Master\2. Data\py\doc\notebooks\tls\raw_data\tls_session_protected"
"1. Master\2. Data\py\doc\scapy\_ext",Folder,5,"1. Master\2. Data\py\doc\scapy"
"1. Master\2. Data\py\doc\scapy\_static",Folder,5,"1. Master\2. Data\py\doc\scapy"
"1. Master\2. Data\py\doc\scapy\_templates",Folder,5,"1. Master\2. Data\py\doc\scapy"
"1. Master\2. Data\py\doc\scapy\graphics",Folder,5,"1. Master\2. Data\py\doc\scapy"
"1. Master\2. Data\py\doc\scapy\layers",Folder,5,"1. Master\2. Data\py\doc\scapy"
"1. Master\2. Data\py\doc\scapy\advanced_usage.rst",File,5,"1. Master\2. Data\py\doc\scapy"
"1. Master\2. Data\py\doc\scapy\backmatter.rst",File,5,"1. Master\2. Data\py\doc\scapy"
"1. Master\2. Data\py\doc\scapy\build_dissect.rst",File,5,"1. Master\2. Data\py\doc\scapy"
"1. Master\2. Data\py\doc\scapy\conf.py",File,5,"1. Master\2. Data\py\doc\scapy"
"1. Master\2. Data\py\doc\scapy\development.rst",File,5,"1. Master\2. Data\py\doc\scapy"
"1. Master\2. Data\py\doc\scapy\extending.rst",File,5,"1. Master\2. Data\py\doc\scapy"
"1. Master\2. Data\py\doc\scapy\functions.rst",File,5,"1. Master\2. Data\py\doc\scapy"
"1. Master\2. Data\py\doc\scapy\index.rst",File,5,"1. Master\2. Data\py\doc\scapy"
"1. Master\2. Data\py\doc\scapy\installation.rst",File,5,"1. Master\2. Data\py\doc\scapy"
"1. Master\2. Data\py\doc\scapy\introduction.rst",File,5,"1. Master\2. Data\py\doc\scapy"
"1. Master\2. Data\py\doc\scapy\make.bat",File,5,"1. Master\2. Data\py\doc\scapy"
"1. Master\2. Data\py\doc\scapy\Makefile",File,5,"1. Master\2. Data\py\doc\scapy"
"1. Master\2. Data\py\doc\scapy\README",File,5,"1. Master\2. Data\py\doc\scapy"
"1. Master\2. Data\py\doc\scapy\routing.rst",File,5,"1. Master\2. Data\py\doc\scapy"
"1. Master\2. Data\py\doc\scapy\troubleshooting.rst",File,5,"1. Master\2. Data\py\doc\scapy"
"1. Master\2. Data\py\doc\scapy\usage.rst",File,5,"1. Master\2. Data\py\doc\scapy"
"1. Master\2. Data\py\doc\scapy\graphics\animations",Folder,6,"1. Master\2. Data\py\doc\scapy\graphics"
"1. Master\2. Data\py\doc\scapy\graphics\automotive",Folder,6,"1. Master\2. Data\py\doc\scapy\graphics"
"1. Master\2. Data\py\doc\scapy\graphics\kerberos",Folder,6,"1. Master\2. Data\py\doc\scapy\graphics"
"1. Master\2. Data\py\doc\scapy\graphics\ntlm",Folder,6,"1. Master\2. Data\py\doc\scapy\graphics"
"1. Master\2. Data\py\doc\scapy\graphics\ATMT_HelloWorld.png",File,6,"1. Master\2. Data\py\doc\scapy\graphics"
"1. Master\2. Data\py\doc\scapy\graphics\ATMT_TCP_client.svg",File,6,"1. Master\2. Data\py\doc\scapy\graphics"
"1. Master\2. Data\py\doc\scapy\graphics\ATMT_TFTP_read.png",File,6,"1. Master\2. Data\py\doc\scapy\graphics"
"1. Master\2. Data\py\doc\scapy\graphics\ble_eddystone_url.png",File,6,"1. Master\2. Data\py\doc\scapy\graphics"
"1. Master\2. Data\py\doc\scapy\graphics\ble_ibeacon.png",File,6,"1. Master\2. Data\py\doc\scapy\graphics"
"1. Master\2. Data\py\doc\scapy\graphics\command-ls.png",File,6,"1. Master\2. Data\py\doc\scapy\graphics"
"1. Master\2. Data\py\doc\scapy\graphics\default-values-ip.pdf",File,6,"1. Master\2. Data\py\doc\scapy\graphics"
"1. Master\2. Data\py\doc\scapy\graphics\default-values-ip.png",File,6,"1. Master\2. Data\py\doc\scapy\graphics"
"1. Master\2. Data\py\doc\scapy\graphics\fieldsmanagement.pdf",File,6,"1. Master\2. Data\py\doc\scapy\graphics"
"1. Master\2. Data\py\doc\scapy\graphics\fieldsmanagement.png",File,6,"1. Master\2. Data\py\doc\scapy\graphics"
"1. Master\2. Data\py\doc\scapy\graphics\graph_traceroute.png",File,6,"1. Master\2. Data\py\doc\scapy\graphics"
"1. Master\2. Data\py\doc\scapy\graphics\http_tcp.png",File,6,"1. Master\2. Data\py\doc\scapy\graphics"
"1. Master\2. Data\py\doc\scapy\graphics\ipid.png",File,6,"1. Master\2. Data\py\doc\scapy\graphics"
"1. Master\2. Data\py\doc\scapy\graphics\isakmp_dump.png",File,6,"1. Master\2. Data\py\doc\scapy\graphics"
"1. Master\2. Data\py\doc\scapy\graphics\pipetool_demo.svg",File,6,"1. Master\2. Data\py\doc\scapy\graphics"
"1. Master\2. Data\py\doc\scapy\graphics\pipetool_engine.png",File,6,"1. Master\2. Data\py\doc\scapy\graphics"
"1. Master\2. Data\py\doc\scapy\graphics\scapy_logo.png",File,6,"1. Master\2. Data\py\doc\scapy\graphics"
"1. Master\2. Data\py\doc\scapy\graphics\scapy-concept.pdf",File,6,"1. Master\2. Data\py\doc\scapy\graphics"
"1. Master\2. Data\py\doc\scapy\graphics\scapy-concept.png",File,6,"1. Master\2. Data\py\doc\scapy\graphics"
"1. Master\2. Data\py\doc\scapy\graphics\scapy-win-screenshot1.png",File,6,"1. Master\2. Data\py\doc\scapy\graphics"
"1. Master\2. Data\py\doc\scapy\graphics\scapy-win-screenshot2.png",File,6,"1. Master\2. Data\py\doc\scapy\graphics"
"1. Master\2. Data\py\doc\scapy\graphics\testing-taxonomy.png",File,6,"1. Master\2. Data\py\doc\scapy\graphics"
"1. Master\2. Data\py\doc\scapy\graphics\trace3d_1.png",File,6,"1. Master\2. Data\py\doc\scapy\graphics"
"1. Master\2. Data\py\doc\scapy\graphics\trace3d_2.png",File,6,"1. Master\2. Data\py\doc\scapy\graphics"
"1. Master\2. Data\py\doc\scapy\graphics\traceroute_worldplot.png",File,6,"1. Master\2. Data\py\doc\scapy\graphics"
"1. Master\2. Data\py\doc\scapy\graphics\animations\animation-cansend.svg",File,7,"1. Master\2. Data\py\doc\scapy\graphics\animations"
"1. Master\2. Data\py\doc\scapy\graphics\animations\animation-rdcandump.svg",File,7,"1. Master\2. Data\py\doc\scapy\graphics\animations"
"1. Master\2. Data\py\doc\scapy\graphics\animations\animation-scapy-asyncsniffer.svg",File,7,"1. Master\2. Data\py\doc\scapy\graphics\animations"
"1. Master\2. Data\py\doc\scapy\graphics\animations\animation-scapy-can.svg",File,7,"1. Master\2. Data\py\doc\scapy\graphics\animations"
"1. Master\2. Data\py\doc\scapy\graphics\animations\animation-scapy-canframe.svg",File,7,"1. Master\2. Data\py\doc\scapy\graphics\animations"
"1. Master\2. Data\py\doc\scapy\graphics\animations\animation-scapy-cansockets-mitm.svg",File,7,"1. Master\2. Data\py\doc\scapy\graphics\animations"
"1. Master\2. Data\py\doc\scapy\graphics\animations\animation-scapy-cansockets-mitm2.svg",File,7,"1. Master\2. Data\py\doc\scapy\graphics\animations"
"1. Master\2. Data\py\doc\scapy\graphics\animations\animation-scapy-cansockets-sniff.svg",File,7,"1. Master\2. Data\py\doc\scapy\graphics\animations"
"1. Master\2. Data\py\doc\scapy\graphics\animations\animation-scapy-gmlan.svg",File,7,"1. Master\2. Data\py\doc\scapy\graphics\animations"
"1. Master\2. Data\py\doc\scapy\graphics\animations\animation-scapy-isotpscan.svg",File,7,"1. Master\2. Data\py\doc\scapy\graphics\animations"
"1. Master\2. Data\py\doc\scapy\graphics\animations\animation-scapy-native-cansocket.svg",File,7,"1. Master\2. Data\py\doc\scapy\graphics\animations"
"1. Master\2. Data\py\doc\scapy\graphics\animations\animation-scapy-obd.svg",File,7,"1. Master\2. Data\py\doc\scapy\graphics\animations"
"1. Master\2. Data\py\doc\scapy\graphics\animations\animation-scapy-rdcandump.svg",File,7,"1. Master\2. Data\py\doc\scapy\graphics\animations"
"1. Master\2. Data\py\doc\scapy\graphics\animations\animation-scapy-rdpcap.svg",File,7,"1. Master\2. Data\py\doc\scapy\graphics\animations"
"1. Master\2. Data\py\doc\scapy\graphics\animations\animation-scapy-themes-demo.gif",File,7,"1. Master\2. Data\py\doc\scapy\graphics\animations"
"1. Master\2. Data\py\doc\scapy\graphics\animations\animation-scapy-uds.svg",File,7,"1. Master\2. Data\py\doc\scapy\graphics\animations"
"1. Master\2. Data\py\doc\scapy\graphics\animations\animation-scapy-uds2.svg",File,7,"1. Master\2. Data\py\doc\scapy\graphics\animations"
"1. Master\2. Data\py\doc\scapy\graphics\animations\animation-scapy-uds3.svg",File,7,"1. Master\2. Data\py\doc\scapy\graphics\animations"
"1. Master\2. Data\py\doc\scapy\graphics\animations\pipetool_demo.gif",File,7,"1. Master\2. Data\py\doc\scapy\graphics\animations"
"1. Master\2. Data\py\doc\scapy\graphics\automotive\can-bus-states.png",File,7,"1. Master\2. Data\py\doc\scapy\graphics\automotive"
"1. Master\2. Data\py\doc\scapy\graphics\automotive\can-frame-socket-can.png",File,7,"1. Master\2. Data\py\doc\scapy\graphics\automotive"
"1. Master\2. Data\py\doc\scapy\graphics\automotive\CAN-full-frame.jpg",File,7,"1. Master\2. Data\py\doc\scapy\graphics\automotive"
"1. Master\2. Data\py\doc\scapy\graphics\automotive\DC-ZGW-CAN-Bus-.png",File,7,"1. Master\2. Data\py\doc\scapy\graphics\automotive"
"1. Master\2. Data\py\doc\scapy\graphics\automotive\diag-stack.png",File,7,"1. Master\2. Data\py\doc\scapy\graphics\automotive"
"1. Master\2. Data\py\doc\scapy\graphics\automotive\isotp-flow.png",File,7,"1. Master\2. Data\py\doc\scapy\graphics\automotive"
"1. Master\2. Data\py\doc\scapy\graphics\automotive\isotp-frames.png",File,7,"1. Master\2. Data\py\doc\scapy\graphics\automotive"
"1. Master\2. Data\py\doc\scapy\graphics\automotive\Simple-CAN-Bus-.png",File,7,"1. Master\2. Data\py\doc\scapy\graphics\automotive"
"1. Master\2. Data\py\doc\scapy\graphics\automotive\XCP_ReferenceBook.png",File,7,"1. Master\2. Data\py\doc\scapy\graphics\automotive"
"1. Master\2. Data\py\doc\scapy\graphics\automotive\ZGW-CAN-Bus-.png",File,7,"1. Master\2. Data\py\doc\scapy\graphics\automotive"
"1. Master\2. Data\py\doc\scapy\graphics\kerberos\as_req_fast.png",File,7,"1. Master\2. Data\py\doc\scapy\graphics\kerberos"
"1. Master\2. Data\py\doc\scapy\graphics\kerberos\wireshark_asreq.png",File,7,"1. Master\2. Data\py\doc\scapy\graphics\kerberos"
"1. Master\2. Data\py\doc\scapy\graphics\ntlm\ntlmrelay_ldap.png",File,7,"1. Master\2. Data\py\doc\scapy\graphics\ntlm"
"1. Master\2. Data\py\doc\scapy\graphics\ntlm\ntlmrelay_ldaps.png",File,7,"1. Master\2. Data\py\doc\scapy\graphics\ntlm"
"1. Master\2. Data\py\doc\scapy\graphics\ntlm\ntlmrelay_smb_win1.png",File,7,"1. Master\2. Data\py\doc\scapy\graphics\ntlm"
"1. Master\2. Data\py\doc\scapy\graphics\ntlm\ntlmrelay_smb_win2.png",File,7,"1. Master\2. Data\py\doc\scapy\graphics\ntlm"
"1. Master\2. Data\py\doc\scapy\graphics\ntlm\ntlmrelay_smb_wireshark.png",File,7,"1. Master\2. Data\py\doc\scapy\graphics\ntlm"
"1. Master\2. Data\py\doc\scapy\graphics\ntlm\ntlmrelay_smb.png",File,7,"1. Master\2. Data\py\doc\scapy\graphics\ntlm"
"1. Master\2. Data\py\doc\scapy\graphics\ntlm\ntlmrelay_smb2.png",File,7,"1. Master\2. Data\py\doc\scapy\graphics\ntlm"
"1. Master\2. Data\py\doc\scapy\layers\automotive.rst",File,6,"1. Master\2. Data\py\doc\scapy\layers"
"1. Master\2. Data\py\doc\scapy\layers\bluetooth.rst",File,6,"1. Master\2. Data\py\doc\scapy\layers"
"1. Master\2. Data\py\doc\scapy\layers\http.rst",File,6,"1. Master\2. Data\py\doc\scapy\layers"
"1. Master\2. Data\py\doc\scapy\layers\index.rst",File,6,"1. Master\2. Data\py\doc\scapy\layers"
"1. Master\2. Data\py\doc\scapy\layers\kerberos.rst",File,6,"1. Master\2. Data\py\doc\scapy\layers"
"1. Master\2. Data\py\doc\scapy\layers\netflow.rst",File,6,"1. Master\2. Data\py\doc\scapy\layers"
"1. Master\2. Data\py\doc\scapy\layers\ntlm.rst",File,6,"1. Master\2. Data\py\doc\scapy\layers"
"1. Master\2. Data\py\doc\scapy\layers\pnio.rst",File,6,"1. Master\2. Data\py\doc\scapy\layers"
"1. Master\2. Data\py\doc\scapy\layers\sctp.rst",File,6,"1. Master\2. Data\py\doc\scapy\layers"
"1. Master\2. Data\py\doc\scapy\layers\tcp.rst",File,6,"1. Master\2. Data\py\doc\scapy\layers"
"1. Master\2. Data\py\doc\scapy\layers\tuntap.rst",File,6,"1. Master\2. Data\py\doc\scapy\layers"
"1. Master\2. Data\py\doc\scapy\_ext\linkcode_res.py",File,6,"1. Master\2. Data\py\doc\scapy\_ext"
"1. Master\2. Data\py\doc\scapy\_ext\scapy_doc.py",File,6,"1. Master\2. Data\py\doc\scapy\_ext"
"1. Master\2. Data\py\doc\scapy\_static\_dummy",File,6,"1. Master\2. Data\py\doc\scapy\_static"
"1. Master\2. Data\py\doc\scapy\_templates\module.rst_t",File,6,"1. Master\2. Data\py\doc\scapy\_templates"
"1. Master\2. Data\py\doc\scapy\_templates\package.rst_t",File,6,"1. Master\2. Data\py\doc\scapy\_templates"
"1. Master\2. Data\py\doc\scapy\_templates\README.md",File,6,"1. Master\2. Data\py\doc\scapy\_templates"
"1. Master\2. Data\py\doc\syntax\vim_uts_syntax",Folder,5,"1. Master\2. Data\py\doc\syntax"
"1. Master\2. Data\py\doc\syntax\vim_uts_syntax\ftdetect",Folder,6,"1. Master\2. Data\py\doc\syntax\vim_uts_syntax"
"1. Master\2. Data\py\doc\syntax\vim_uts_syntax\syntax",Folder,6,"1. Master\2. Data\py\doc\syntax\vim_uts_syntax"
"1. Master\2. Data\py\doc\syntax\vim_uts_syntax\install.sh",File,6,"1. Master\2. Data\py\doc\syntax\vim_uts_syntax"
"1. Master\2. Data\py\doc\syntax\vim_uts_syntax\ftdetect\filetype.vim",File,7,"1. Master\2. Data\py\doc\syntax\vim_uts_syntax\ftdetect"
"1. Master\2. Data\py\doc\syntax\vim_uts_syntax\ftdetect\uts.vim",File,7,"1. Master\2. Data\py\doc\syntax\vim_uts_syntax\ftdetect"
"1. Master\2. Data\py\doc\syntax\vim_uts_syntax\syntax\uts.vim",File,7,"1. Master\2. Data\py\doc\syntax\vim_uts_syntax\syntax"
"1. Master\2. Data\py\doc\vagrant_ci\provision_freebsd.sh",File,5,"1. Master\2. Data\py\doc\vagrant_ci"
"1. Master\2. Data\py\doc\vagrant_ci\provision_netbsd.sh",File,5,"1. Master\2. Data\py\doc\vagrant_ci"
"1. Master\2. Data\py\doc\vagrant_ci\provision_openbsd.sh",File,5,"1. Master\2. Data\py\doc\vagrant_ci"
"1. Master\2. Data\py\doc\vagrant_ci\README.md",File,5,"1. Master\2. Data\py\doc\vagrant_ci"
"1. Master\2. Data\py\doc\vagrant_ci\Vagrantfile",File,5,"1. Master\2. Data\py\doc\vagrant_ci"
"1. Master\2. Data\py\scapy\__pycache__",Folder,4,"1. Master\2. Data\py\scapy"
"1. Master\2. Data\py\scapy\arch",Folder,4,"1. Master\2. Data\py\scapy"
"1. Master\2. Data\py\scapy\asn1",Folder,4,"1. Master\2. Data\py\scapy"
"1. Master\2. Data\py\scapy\contrib",Folder,4,"1. Master\2. Data\py\scapy"
"1. Master\2. Data\py\scapy\layers",Folder,4,"1. Master\2. Data\py\scapy"
"1. Master\2. Data\py\scapy\libs",Folder,4,"1. Master\2. Data\py\scapy"
"1. Master\2. Data\py\scapy\modules",Folder,4,"1. Master\2. Data\py\scapy"
"1. Master\2. Data\py\scapy\tools",Folder,4,"1. Master\2. Data\py\scapy"
"1. Master\2. Data\py\scapy\__init__.py",File,4,"1. Master\2. Data\py\scapy"
"1. Master\2. Data\py\scapy\__main__.py",File,4,"1. Master\2. Data\py\scapy"
"1. Master\2. Data\py\scapy\all.py",File,4,"1. Master\2. Data\py\scapy"
"1. Master\2. Data\py\scapy\ansmachine.py",File,4,"1. Master\2. Data\py\scapy"
"1. Master\2. Data\py\scapy\as_resolvers.py",File,4,"1. Master\2. Data\py\scapy"
"1. Master\2. Data\py\scapy\asn1fields.py",File,4,"1. Master\2. Data\py\scapy"
"1. Master\2. Data\py\scapy\asn1packet.py",File,4,"1. Master\2. Data\py\scapy"
"1. Master\2. Data\py\scapy\automaton.py",File,4,"1. Master\2. Data\py\scapy"
"1. Master\2. Data\py\scapy\autorun.py",File,4,"1. Master\2. Data\py\scapy"
"1. Master\2. Data\py\scapy\base_classes.py",File,4,"1. Master\2. Data\py\scapy"
"1. Master\2. Data\py\scapy\compat.py",File,4,"1. Master\2. Data\py\scapy"
"1. Master\2. Data\py\scapy\config.py",File,4,"1. Master\2. Data\py\scapy"
"1. Master\2. Data\py\scapy\consts.py",File,4,"1. Master\2. Data\py\scapy"
"1. Master\2. Data\py\scapy\dadict.py",File,4,"1. Master\2. Data\py\scapy"
"1. Master\2. Data\py\scapy\data.py",File,4,"1. Master\2. Data\py\scapy"
"1. Master\2. Data\py\scapy\error.py",File,4,"1. Master\2. Data\py\scapy"
"1. Master\2. Data\py\scapy\fields.py",File,4,"1. Master\2. Data\py\scapy"
"1. Master\2. Data\py\scapy\interfaces.py",File,4,"1. Master\2. Data\py\scapy"
"1. Master\2. Data\py\scapy\main.py",File,4,"1. Master\2. Data\py\scapy"
"1. Master\2. Data\py\scapy\packet.py",File,4,"1. Master\2. Data\py\scapy"
"1. Master\2. Data\py\scapy\pipetool.py",File,4,"1. Master\2. Data\py\scapy"
"1. Master\2. Data\py\scapy\plist.py",File,4,"1. Master\2. Data\py\scapy"
"1. Master\2. Data\py\scapy\pton_ntop.py",File,4,"1. Master\2. Data\py\scapy"
"1. Master\2. Data\py\scapy\route.py",File,4,"1. Master\2. Data\py\scapy"
"1. Master\2. Data\py\scapy\route6.py",File,4,"1. Master\2. Data\py\scapy"
"1. Master\2. Data\py\scapy\scapypipes.py",File,4,"1. Master\2. Data\py\scapy"
"1. Master\2. Data\py\scapy\sendrecv.py",File,4,"1. Master\2. Data\py\scapy"
"1. Master\2. Data\py\scapy\sessions.py",File,4,"1. Master\2. Data\py\scapy"
"1. Master\2. Data\py\scapy\supersocket.py",File,4,"1. Master\2. Data\py\scapy"
"1. Master\2. Data\py\scapy\themes.py",File,4,"1. Master\2. Data\py\scapy"
"1. Master\2. Data\py\scapy\utils.py",File,4,"1. Master\2. Data\py\scapy"
"1. Master\2. Data\py\scapy\utils6.py",File,4,"1. Master\2. Data\py\scapy"
"1. Master\2. Data\py\scapy\volatile.py",File,4,"1. Master\2. Data\py\scapy"
"1. Master\2. Data\py\scapy\arch\__pycache__",Folder,5,"1. Master\2. Data\py\scapy\arch"
"1. Master\2. Data\py\scapy\arch\bpf",Folder,5,"1. Master\2. Data\py\scapy\arch"
"1. Master\2. Data\py\scapy\arch\windows",Folder,5,"1. Master\2. Data\py\scapy\arch"
"1. Master\2. Data\py\scapy\arch\__init__.py",File,5,"1. Master\2. Data\py\scapy\arch"
"1. Master\2. Data\py\scapy\arch\common.py",File,5,"1. Master\2. Data\py\scapy\arch"
"1. Master\2. Data\py\scapy\arch\libpcap.py",File,5,"1. Master\2. Data\py\scapy\arch"
"1. Master\2. Data\py\scapy\arch\linux.py",File,5,"1. Master\2. Data\py\scapy\arch"
"1. Master\2. Data\py\scapy\arch\solaris.py",File,5,"1. Master\2. Data\py\scapy\arch"
"1. Master\2. Data\py\scapy\arch\unix.py",File,5,"1. Master\2. Data\py\scapy\arch"
"1. Master\2. Data\py\scapy\arch\bpf\__init__.py",File,6,"1. Master\2. Data\py\scapy\arch\bpf"
"1. Master\2. Data\py\scapy\arch\bpf\consts.py",File,6,"1. Master\2. Data\py\scapy\arch\bpf"
"1. Master\2. Data\py\scapy\arch\bpf\core.py",File,6,"1. Master\2. Data\py\scapy\arch\bpf"
"1. Master\2. Data\py\scapy\arch\bpf\supersocket.py",File,6,"1. Master\2. Data\py\scapy\arch\bpf"
"1. Master\2. Data\py\scapy\arch\windows\__pycache__",Folder,6,"1. Master\2. Data\py\scapy\arch\windows"
"1. Master\2. Data\py\scapy\arch\windows\__init__.py",File,6,"1. Master\2. Data\py\scapy\arch\windows"
"1. Master\2. Data\py\scapy\arch\windows\native.py",File,6,"1. Master\2. Data\py\scapy\arch\windows"
"1. Master\2. Data\py\scapy\arch\windows\structures.py",File,6,"1. Master\2. Data\py\scapy\arch\windows"
"1. Master\2. Data\py\scapy\arch\windows\__pycache__\__init__.cpython-314.pyc",File,7,"1. Master\2. Data\py\scapy\arch\windows\__pycache__"
"1. Master\2. Data\py\scapy\arch\windows\__pycache__\native.cpython-314.pyc",File,7,"1. Master\2. Data\py\scapy\arch\windows\__pycache__"
"1. Master\2. Data\py\scapy\arch\windows\__pycache__\structures.cpython-314.pyc",File,7,"1. Master\2. Data\py\scapy\arch\windows\__pycache__"
"1. Master\2. Data\py\scapy\arch\__pycache__\__init__.cpython-314.pyc",File,6,"1. Master\2. Data\py\scapy\arch\__pycache__"
"1. Master\2. Data\py\scapy\arch\__pycache__\libpcap.cpython-314.pyc",File,6,"1. Master\2. Data\py\scapy\arch\__pycache__"
"1. Master\2. Data\py\scapy\asn1\__pycache__",Folder,5,"1. Master\2. Data\py\scapy\asn1"
"1. Master\2. Data\py\scapy\asn1\__init__.py",File,5,"1. Master\2. Data\py\scapy\asn1"
"1. Master\2. Data\py\scapy\asn1\asn1.py",File,5,"1. Master\2. Data\py\scapy\asn1"
"1. Master\2. Data\py\scapy\asn1\ber.py",File,5,"1. Master\2. Data\py\scapy\asn1"
"1. Master\2. Data\py\scapy\asn1\mib.py",File,5,"1. Master\2. Data\py\scapy\asn1"
"1. Master\2. Data\py\scapy\asn1\__pycache__\__init__.cpython-314.pyc",File,6,"1. Master\2. Data\py\scapy\asn1\__pycache__"
"1. Master\2. Data\py\scapy\asn1\__pycache__\asn1.cpython-314.pyc",File,6,"1. Master\2. Data\py\scapy\asn1\__pycache__"
"1. Master\2. Data\py\scapy\asn1\__pycache__\ber.cpython-314.pyc",File,6,"1. Master\2. Data\py\scapy\asn1\__pycache__"
"1. Master\2. Data\py\scapy\asn1\__pycache__\mib.cpython-314.pyc",File,6,"1. Master\2. Data\py\scapy\asn1\__pycache__"
"1. Master\2. Data\py\scapy\contrib\__pycache__",Folder,5,"1. Master\2. Data\py\scapy\contrib"
"1. Master\2. Data\py\scapy\contrib\automotive",Folder,5,"1. Master\2. Data\py\scapy\contrib"
"1. Master\2. Data\py\scapy\contrib\isotp",Folder,5,"1. Master\2. Data\py\scapy\contrib"
"1. Master\2. Data\py\scapy\contrib\rtps",Folder,5,"1. Master\2. Data\py\scapy\contrib"
"1. Master\2. Data\py\scapy\contrib\scada",Folder,5,"1. Master\2. Data\py\scapy\contrib"
"1. Master\2. Data\py\scapy\contrib\__init__.py",File,5,"1. Master\2. Data\py\scapy\contrib"
"1. Master\2. Data\py\scapy\contrib\altbeacon.py",File,5,"1. Master\2. Data\py\scapy\contrib"
"1. Master\2. Data\py\scapy\contrib\aoe.py",File,5,"1. Master\2. Data\py\scapy\contrib"
"1. Master\2. Data\py\scapy\contrib\avs.py",File,5,"1. Master\2. Data\py\scapy\contrib"
"1. Master\2. Data\py\scapy\contrib\bfd.py",File,5,"1. Master\2. Data\py\scapy\contrib"
"1. Master\2. Data\py\scapy\contrib\bgp.py",File,5,"1. Master\2. Data\py\scapy\contrib"
"1. Master\2. Data\py\scapy\contrib\bier.py",File,5,"1. Master\2. Data\py\scapy\contrib"
"1. Master\2. Data\py\scapy\contrib\bp.py",File,5,"1. Master\2. Data\py\scapy\contrib"
"1. Master\2. Data\py\scapy\contrib\cansocket_native.py",File,5,"1. Master\2. Data\py\scapy\contrib"
"1. Master\2. Data\py\scapy\contrib\cansocket_python_can.py",File,5,"1. Master\2. Data\py\scapy\contrib"
"1. Master\2. Data\py\scapy\contrib\cansocket.py",File,5,"1. Master\2. Data\py\scapy\contrib"
"1. Master\2. Data\py\scapy\contrib\carp.py",File,5,"1. Master\2. Data\py\scapy\contrib"
"1. Master\2. Data\py\scapy\contrib\cdp.py",File,5,"1. Master\2. Data\py\scapy\contrib"
"1. Master\2. Data\py\scapy\contrib\chdlc.py",File,5,"1. Master\2. Data\py\scapy\contrib"
"1. Master\2. Data\py\scapy\contrib\coap.py",File,5,"1. Master\2. Data\py\scapy\contrib"
"1. Master\2. Data\py\scapy\contrib\concox.py",File,5,"1. Master\2. Data\py\scapy\contrib"
"1. Master\2. Data\py\scapy\contrib\diameter.py",File,5,"1. Master\2. Data\py\scapy\contrib"
"1. Master\2. Data\py\scapy\contrib\dtp.py",File,5,"1. Master\2. Data\py\scapy\contrib"
"1. Master\2. Data\py\scapy\contrib\eddystone.py",File,5,"1. Master\2. Data\py\scapy\contrib"
"1. Master\2. Data\py\scapy\contrib\eigrp.py",File,5,"1. Master\2. Data\py\scapy\contrib"
"1. Master\2. Data\py\scapy\contrib\enipTCP.py",File,5,"1. Master\2. Data\py\scapy\contrib"
"1. Master\2. Data\py\scapy\contrib\erspan.py",File,5,"1. Master\2. Data\py\scapy\contrib"
"1. Master\2. Data\py\scapy\contrib\esmc.py",File,5,"1. Master\2. Data\py\scapy\contrib"
"1. Master\2. Data\py\scapy\contrib\ethercat.py",File,5,"1. Master\2. Data\py\scapy\contrib"
"1. Master\2. Data\py\scapy\contrib\etherip.py",File,5,"1. Master\2. Data\py\scapy\contrib"
"1. Master\2. Data\py\scapy\contrib\exposure_notification.py",File,5,"1. Master\2. Data\py\scapy\contrib"
"1. Master\2. Data\py\scapy\contrib\geneve.py",File,5,"1. Master\2. Data\py\scapy\contrib"
"1. Master\2. Data\py\scapy\contrib\gtp_v2.py",File,5,"1. Master\2. Data\py\scapy\contrib"
"1. Master\2. Data\py\scapy\contrib\gtp.py",File,5,"1. Master\2. Data\py\scapy\contrib"
"1. Master\2. Data\py\scapy\contrib\gxrp.py",File,5,"1. Master\2. Data\py\scapy\contrib"
"1. Master\2. Data\py\scapy\contrib\homeplugav.py",File,5,"1. Master\2. Data\py\scapy\contrib"
"1. Master\2. Data\py\scapy\contrib\homepluggp.py",File,5,"1. Master\2. Data\py\scapy\contrib"
"1. Master\2. Data\py\scapy\contrib\homeplugsg.py",File,5,"1. Master\2. Data\py\scapy\contrib"
"1. Master\2. Data\py\scapy\contrib\http2.py",File,5,"1. Master\2. Data\py\scapy\contrib"
"1. Master\2. Data\py\scapy\contrib\ibeacon.py",File,5,"1. Master\2. Data\py\scapy\contrib"
"1. Master\2. Data\py\scapy\contrib\icmp_extensions.py",File,5,"1. Master\2. Data\py\scapy\contrib"
"1. Master\2. Data\py\scapy\contrib\ife.py",File,5,"1. Master\2. Data\py\scapy\contrib"
"1. Master\2. Data\py\scapy\contrib\igmp.py",File,5,"1. Master\2. Data\py\scapy\contrib"
"1. Master\2. Data\py\scapy\contrib\igmpv3.py",File,5,"1. Master\2. Data\py\scapy\contrib"
"1. Master\2. Data\py\scapy\contrib\ikev2.py",File,5,"1. Master\2. Data\py\scapy\contrib"
"1. Master\2. Data\py\scapy\contrib\isis.py",File,5,"1. Master\2. Data\py\scapy\contrib"
"1. Master\2. Data\py\scapy\contrib\knx.py",File,5,"1. Master\2. Data\py\scapy\contrib"
"1. Master\2. Data\py\scapy\contrib\lacp.py",File,5,"1. Master\2. Data\py\scapy\contrib"
"1. Master\2. Data\py\scapy\contrib\ldp.py",File,5,"1. Master\2. Data\py\scapy\contrib"
"1. Master\2. Data\py\scapy\contrib\lldp.py",File,5,"1. Master\2. Data\py\scapy\contrib"
"1. Master\2. Data\py\scapy\contrib\loraphy2wan.py",File,5,"1. Master\2. Data\py\scapy\contrib"
"1. Master\2. Data\py\scapy\contrib\ltp.py",File,5,"1. Master\2. Data\py\scapy\contrib"
"1. Master\2. Data\py\scapy\contrib\mac_control.py",File,5,"1. Master\2. Data\py\scapy\contrib"
"1. Master\2. Data\py\scapy\contrib\macsec.py",File,5,"1. Master\2. Data\py\scapy\contrib"
"1. Master\2. Data\py\scapy\contrib\metawatch.py",File,5,"1. Master\2. Data\py\scapy\contrib"
"1. Master\2. Data\py\scapy\contrib\modbus.py",File,5,"1. Master\2. Data\py\scapy\contrib"
"1. Master\2. Data\py\scapy\contrib\mount.py",File,5,"1. Master\2. Data\py\scapy\contrib"
"1. Master\2. Data\py\scapy\contrib\mpls.py",File,5,"1. Master\2. Data\py\scapy\contrib"
"1. Master\2. Data\py\scapy\contrib\mqtt.py",File,5,"1. Master\2. Data\py\scapy\contrib"
"1. Master\2. Data\py\scapy\contrib\mqttsn.py",File,5,"1. Master\2. Data\py\scapy\contrib"
"1. Master\2. Data\py\scapy\contrib\nfs.py",File,5,"1. Master\2. Data\py\scapy\contrib"
"1. Master\2. Data\py\scapy\contrib\nlm.py",File,5,"1. Master\2. Data\py\scapy\contrib"
"1. Master\2. Data\py\scapy\contrib\nsh.py",File,5,"1. Master\2. Data\py\scapy\contrib"
"1. Master\2. Data\py\scapy\contrib\oncrpc.py",File,5,"1. Master\2. Data\py\scapy\contrib"
"1. Master\2. Data\py\scapy\contrib\opc_da.py",File,5,"1. Master\2. Data\py\scapy\contrib"
"1. Master\2. Data\py\scapy\contrib\openflow.py",File,5,"1. Master\2. Data\py\scapy\contrib"
"1. Master\2. Data\py\scapy\contrib\openflow3.py",File,5,"1. Master\2. Data\py\scapy\contrib"
"1. Master\2. Data\py\scapy\contrib\ospf.py",File,5,"1. Master\2. Data\py\scapy\contrib"
"1. Master\2. Data\py\scapy\contrib\pfcp.py",File,5,"1. Master\2. Data\py\scapy\contrib"
"1. Master\2. Data\py\scapy\contrib\pim.py",File,5,"1. Master\2. Data\py\scapy\contrib"
"1. Master\2. Data\py\scapy\contrib\pnio_dcp.py",File,5,"1. Master\2. Data\py\scapy\contrib"
"1. Master\2. Data\py\scapy\contrib\pnio_rpc.py",File,5,"1. Master\2. Data\py\scapy\contrib"
"1. Master\2. Data\py\scapy\contrib\pnio.py",File,5,"1. Master\2. Data\py\scapy\contrib"
"1. Master\2. Data\py\scapy\contrib\portmap.py",File,5,"1. Master\2. Data\py\scapy\contrib"
"1. Master\2. Data\py\scapy\contrib\postgres.py",File,5,"1. Master\2. Data\py\scapy\contrib"
"1. Master\2. Data\py\scapy\contrib\ppi_cace.py",File,5,"1. Master\2. Data\py\scapy\contrib"
"1. Master\2. Data\py\scapy\contrib\ppi_geotag.py",File,5,"1. Master\2. Data\py\scapy\contrib"
"1. Master\2. Data\py\scapy\contrib\ripng.py",File,5,"1. Master\2. Data\py\scapy\contrib"
"1. Master\2. Data\py\scapy\contrib\roce.py",File,5,"1. Master\2. Data\py\scapy\contrib"
"1. Master\2. Data\py\scapy\contrib\rpl_metrics.py",File,5,"1. Master\2. Data\py\scapy\contrib"
"1. Master\2. Data\py\scapy\contrib\rpl.py",File,5,"1. Master\2. Data\py\scapy\contrib"
"1. Master\2. Data\py\scapy\contrib\rsvp.py",File,5,"1. Master\2. Data\py\scapy\contrib"
"1. Master\2. Data\py\scapy\contrib\rtcp.py",File,5,"1. Master\2. Data\py\scapy\contrib"
"1. Master\2. Data\py\scapy\contrib\rtr.py",File,5,"1. Master\2. Data\py\scapy\contrib"
"1. Master\2. Data\py\scapy\contrib\sdnv.py",File,5,"1. Master\2. Data\py\scapy\contrib"
"1. Master\2. Data\py\scapy\contrib\sebek.py",File,5,"1. Master\2. Data\py\scapy\contrib"
"1. Master\2. Data\py\scapy\contrib\send.py",File,5,"1. Master\2. Data\py\scapy\contrib"
"1. Master\2. Data\py\scapy\contrib\skinny.py",File,5,"1. Master\2. Data\py\scapy\contrib"
"1. Master\2. Data\py\scapy\contrib\slowprot.py",File,5,"1. Master\2. Data\py\scapy\contrib"
"1. Master\2. Data\py\scapy\contrib\socks.py",File,5,"1. Master\2. Data\py\scapy\contrib"
"1. Master\2. Data\py\scapy\contrib\spbm.py",File,5,"1. Master\2. Data\py\scapy\contrib"
"1. Master\2. Data\py\scapy\contrib\stamp.py",File,5,"1. Master\2. Data\py\scapy\contrib"
"1. Master\2. Data\py\scapy\contrib\stun.py",File,5,"1. Master\2. Data\py\scapy\contrib"
"1. Master\2. Data\py\scapy\contrib\tacacs.py",File,5,"1. Master\2. Data\py\scapy\contrib"
"1. Master\2. Data\py\scapy\contrib\tcpao.py",File,5,"1. Master\2. Data\py\scapy\contrib"
"1. Master\2. Data\py\scapy\contrib\tzsp.py",File,5,"1. Master\2. Data\py\scapy\contrib"
"1. Master\2. Data\py\scapy\contrib\ubberlogger.py",File,5,"1. Master\2. Data\py\scapy\contrib"
"1. Master\2. Data\py\scapy\contrib\vqp.py",File,5,"1. Master\2. Data\py\scapy\contrib"
"1. Master\2. Data\py\scapy\contrib\vtp.py",File,5,"1. Master\2. Data\py\scapy\contrib"
"1. Master\2. Data\py\scapy\contrib\wireguard.py",File,5,"1. Master\2. Data\py\scapy\contrib"
"1. Master\2. Data\py\scapy\contrib\wpa_eapol.py",File,5,"1. Master\2. Data\py\scapy\contrib"
"1. Master\2. Data\py\scapy\contrib\automotive\bmw",Folder,6,"1. Master\2. Data\py\scapy\contrib\automotive"
"1. Master\2. Data\py\scapy\contrib\automotive\gm",Folder,6,"1. Master\2. Data\py\scapy\contrib\automotive"
"1. Master\2. Data\py\scapy\contrib\automotive\obd",Folder,6,"1. Master\2. Data\py\scapy\contrib\automotive"
"1. Master\2. Data\py\scapy\contrib\automotive\scanner",Folder,6,"1. Master\2. Data\py\scapy\contrib\automotive"
"1. Master\2. Data\py\scapy\contrib\automotive\volkswagen",Folder,6,"1. Master\2. Data\py\scapy\contrib\automotive"
"1. Master\2. Data\py\scapy\contrib\automotive\xcp",Folder,6,"1. Master\2. Data\py\scapy\contrib\automotive"
"1. Master\2. Data\py\scapy\contrib\automotive\__init__.py",File,6,"1. Master\2. Data\py\scapy\contrib\automotive"
"1. Master\2. Data\py\scapy\contrib\automotive\ccp.py",File,6,"1. Master\2. Data\py\scapy\contrib\automotive"
"1. Master\2. Data\py\scapy\contrib\automotive\doip.py",File,6,"1. Master\2. Data\py\scapy\contrib\automotive"
"1. Master\2. Data\py\scapy\contrib\automotive\ecu.py",File,6,"1. Master\2. Data\py\scapy\contrib\automotive"
"1. Master\2. Data\py\scapy\contrib\automotive\kwp.py",File,6,"1. Master\2. Data\py\scapy\contrib\automotive"
"1. Master\2. Data\py\scapy\contrib\automotive\someip.py",File,6,"1. Master\2. Data\py\scapy\contrib\automotive"
"1. Master\2. Data\py\scapy\contrib\automotive\uds_ecu_states.py",File,6,"1. Master\2. Data\py\scapy\contrib\automotive"
"1. Master\2. Data\py\scapy\contrib\automotive\uds_logging.py",File,6,"1. Master\2. Data\py\scapy\contrib\automotive"
"1. Master\2. Data\py\scapy\contrib\automotive\uds_scan.py",File,6,"1. Master\2. Data\py\scapy\contrib\automotive"
"1. Master\2. Data\py\scapy\contrib\automotive\uds.py",File,6,"1. Master\2. Data\py\scapy\contrib\automotive"
"1. Master\2. Data\py\scapy\contrib\automotive\bmw\__init__.py",File,7,"1. Master\2. Data\py\scapy\contrib\automotive\bmw"
"1. Master\2. Data\py\scapy\contrib\automotive\bmw\definitions.py",File,7,"1. Master\2. Data\py\scapy\contrib\automotive\bmw"
"1. Master\2. Data\py\scapy\contrib\automotive\bmw\enumerator.py",File,7,"1. Master\2. Data\py\scapy\contrib\automotive\bmw"
"1. Master\2. Data\py\scapy\contrib\automotive\bmw\hsfz.py",File,7,"1. Master\2. Data\py\scapy\contrib\automotive\bmw"
"1. Master\2. Data\py\scapy\contrib\automotive\gm\__init__.py",File,7,"1. Master\2. Data\py\scapy\contrib\automotive\gm"
"1. Master\2. Data\py\scapy\contrib\automotive\gm\gmlan_ecu_states.py",File,7,"1. Master\2. Data\py\scapy\contrib\automotive\gm"
"1. Master\2. Data\py\scapy\contrib\automotive\gm\gmlan_logging.py",File,7,"1. Master\2. Data\py\scapy\contrib\automotive\gm"
"1. Master\2. Data\py\scapy\contrib\automotive\gm\gmlan_scanner.py",File,7,"1. Master\2. Data\py\scapy\contrib\automotive\gm"
"1. Master\2. Data\py\scapy\contrib\automotive\gm\gmlan.py",File,7,"1. Master\2. Data\py\scapy\contrib\automotive\gm"
"1. Master\2. Data\py\scapy\contrib\automotive\gm\gmlanutils.py",File,7,"1. Master\2. Data\py\scapy\contrib\automotive\gm"
"1. Master\2. Data\py\scapy\contrib\automotive\obd\iid",Folder,7,"1. Master\2. Data\py\scapy\contrib\automotive\obd"
"1. Master\2. Data\py\scapy\contrib\automotive\obd\mid",Folder,7,"1. Master\2. Data\py\scapy\contrib\automotive\obd"
"1. Master\2. Data\py\scapy\contrib\automotive\obd\pid",Folder,7,"1. Master\2. Data\py\scapy\contrib\automotive\obd"
"1. Master\2. Data\py\scapy\contrib\automotive\obd\tid",Folder,7,"1. Master\2. Data\py\scapy\contrib\automotive\obd"
"1. Master\2. Data\py\scapy\contrib\automotive\obd\__init__.py",File,7,"1. Master\2. Data\py\scapy\contrib\automotive\obd"
"1. Master\2. Data\py\scapy\contrib\automotive\obd\obd.py",File,7,"1. Master\2. Data\py\scapy\contrib\automotive\obd"
"1. Master\2. Data\py\scapy\contrib\automotive\obd\packet.py",File,7,"1. Master\2. Data\py\scapy\contrib\automotive\obd"
"1. Master\2. Data\py\scapy\contrib\automotive\obd\scanner.py",File,7,"1. Master\2. Data\py\scapy\contrib\automotive\obd"
"1. Master\2. Data\py\scapy\contrib\automotive\obd\services.py",File,7,"1. Master\2. Data\py\scapy\contrib\automotive\obd"
"1. Master\2. Data\py\scapy\contrib\automotive\obd\iid\__init__.py",File,8,"1. Master\2. Data\py\scapy\contrib\automotive\obd\iid"
"1. Master\2. Data\py\scapy\contrib\automotive\obd\iid\iids.py",File,8,"1. Master\2. Data\py\scapy\contrib\automotive\obd\iid"
"1. Master\2. Data\py\scapy\contrib\automotive\obd\mid\__init__.py",File,8,"1. Master\2. Data\py\scapy\contrib\automotive\obd\mid"
"1. Master\2. Data\py\scapy\contrib\automotive\obd\mid\mids.py",File,8,"1. Master\2. Data\py\scapy\contrib\automotive\obd\mid"
"1. Master\2. Data\py\scapy\contrib\automotive\obd\pid\__init__.py",File,8,"1. Master\2. Data\py\scapy\contrib\automotive\obd\pid"
"1. Master\2. Data\py\scapy\contrib\automotive\obd\pid\pids_00_1F.py",File,8,"1. Master\2. Data\py\scapy\contrib\automotive\obd\pid"
"1. Master\2. Data\py\scapy\contrib\automotive\obd\pid\pids_20_3F.py",File,8,"1. Master\2. Data\py\scapy\contrib\automotive\obd\pid"
"1. Master\2. Data\py\scapy\contrib\automotive\obd\pid\pids_40_5F.py",File,8,"1. Master\2. Data\py\scapy\contrib\automotive\obd\pid"
"1. Master\2. Data\py\scapy\contrib\automotive\obd\pid\pids_60_7F.py",File,8,"1. Master\2. Data\py\scapy\contrib\automotive\obd\pid"
"1. Master\2. Data\py\scapy\contrib\automotive\obd\pid\pids_80_9F.py",File,8,"1. Master\2. Data\py\scapy\contrib\automotive\obd\pid"
"1. Master\2. Data\py\scapy\contrib\automotive\obd\pid\pids_A0_C0.py",File,8,"1. Master\2. Data\py\scapy\contrib\automotive\obd\pid"
"1. Master\2. Data\py\scapy\contrib\automotive\obd\pid\pids.py",File,8,"1. Master\2. Data\py\scapy\contrib\automotive\obd\pid"
"1. Master\2. Data\py\scapy\contrib\automotive\obd\tid\__init__.py",File,8,"1. Master\2. Data\py\scapy\contrib\automotive\obd\tid"
"1. Master\2. Data\py\scapy\contrib\automotive\obd\tid\tids.py",File,8,"1. Master\2. Data\py\scapy\contrib\automotive\obd\tid"
"1. Master\2. Data\py\scapy\contrib\automotive\scanner\__init__.py",File,7,"1. Master\2. Data\py\scapy\contrib\automotive\scanner"
"1. Master\2. Data\py\scapy\contrib\automotive\scanner\configuration.py",File,7,"1. Master\2. Data\py\scapy\contrib\automotive\scanner"
"1. Master\2. Data\py\scapy\contrib\automotive\scanner\enumerator.py",File,7,"1. Master\2. Data\py\scapy\contrib\automotive\scanner"
"1. Master\2. Data\py\scapy\contrib\automotive\scanner\executor.py",File,7,"1. Master\2. Data\py\scapy\contrib\automotive\scanner"
"1. Master\2. Data\py\scapy\contrib\automotive\scanner\graph.py",File,7,"1. Master\2. Data\py\scapy\contrib\automotive\scanner"
"1. Master\2. Data\py\scapy\contrib\automotive\scanner\staged_test_case.py",File,7,"1. Master\2. Data\py\scapy\contrib\automotive\scanner"
"1. Master\2. Data\py\scapy\contrib\automotive\scanner\test_case.py",File,7,"1. Master\2. Data\py\scapy\contrib\automotive\scanner"
"1. Master\2. Data\py\scapy\contrib\automotive\volkswagen\__init__.py",File,7,"1. Master\2. Data\py\scapy\contrib\automotive\volkswagen"
"1. Master\2. Data\py\scapy\contrib\automotive\volkswagen\definitions.py",File,7,"1. Master\2. Data\py\scapy\contrib\automotive\volkswagen"
"1. Master\2. Data\py\scapy\contrib\automotive\xcp\__init__.py",File,7,"1. Master\2. Data\py\scapy\contrib\automotive\xcp"
"1. Master\2. Data\py\scapy\contrib\automotive\xcp\cto_commands_master.py",File,7,"1. Master\2. Data\py\scapy\contrib\automotive\xcp"
"1. Master\2. Data\py\scapy\contrib\automotive\xcp\cto_commands_slave.py",File,7,"1. Master\2. Data\py\scapy\contrib\automotive\xcp"
"1. Master\2. Data\py\scapy\contrib\automotive\xcp\scanner.py",File,7,"1. Master\2. Data\py\scapy\contrib\automotive\xcp"
"1. Master\2. Data\py\scapy\contrib\automotive\xcp\utils.py",File,7,"1. Master\2. Data\py\scapy\contrib\automotive\xcp"
"1. Master\2. Data\py\scapy\contrib\automotive\xcp\xcp.py",File,7,"1. Master\2. Data\py\scapy\contrib\automotive\xcp"
"1. Master\2. Data\py\scapy\contrib\isotp\__init__.py",File,6,"1. Master\2. Data\py\scapy\contrib\isotp"
"1. Master\2. Data\py\scapy\contrib\isotp\isotp_native_socket.py",File,6,"1. Master\2. Data\py\scapy\contrib\isotp"
"1. Master\2. Data\py\scapy\contrib\isotp\isotp_packet.py",File,6,"1. Master\2. Data\py\scapy\contrib\isotp"
"1. Master\2. Data\py\scapy\contrib\isotp\isotp_scanner.py",File,6,"1. Master\2. Data\py\scapy\contrib\isotp"
"1. Master\2. Data\py\scapy\contrib\isotp\isotp_soft_socket.py",File,6,"1. Master\2. Data\py\scapy\contrib\isotp"
"1. Master\2. Data\py\scapy\contrib\isotp\isotp_utils.py",File,6,"1. Master\2. Data\py\scapy\contrib\isotp"
"1. Master\2. Data\py\scapy\contrib\rtps\__pycache__",Folder,6,"1. Master\2. Data\py\scapy\contrib\rtps"
"1. Master\2. Data\py\scapy\contrib\rtps\__init__.py",File,6,"1. Master\2. Data\py\scapy\contrib\rtps"
"1. Master\2. Data\py\scapy\contrib\rtps\common_types.py",File,6,"1. Master\2. Data\py\scapy\contrib\rtps"
"1. Master\2. Data\py\scapy\contrib\rtps\pid_types.py",File,6,"1. Master\2. Data\py\scapy\contrib\rtps"
"1. Master\2. Data\py\scapy\contrib\rtps\rtps.py",File,6,"1. Master\2. Data\py\scapy\contrib\rtps"
"1. Master\2. Data\py\scapy\contrib\rtps\__pycache__\__init__.cpython-314.pyc",File,7,"1. Master\2. Data\py\scapy\contrib\rtps\__pycache__"
"1. Master\2. Data\py\scapy\contrib\rtps\__pycache__\common_types.cpython-314.pyc",File,7,"1. Master\2. Data\py\scapy\contrib\rtps\__pycache__"
"1. Master\2. Data\py\scapy\contrib\rtps\__pycache__\pid_types.cpython-314.pyc",File,7,"1. Master\2. Data\py\scapy\contrib\rtps\__pycache__"
"1. Master\2. Data\py\scapy\contrib\rtps\__pycache__\rtps.cpython-314.pyc",File,7,"1. Master\2. Data\py\scapy\contrib\rtps\__pycache__"
"1. Master\2. Data\py\scapy\contrib\scada\iec104",Folder,6,"1. Master\2. Data\py\scapy\contrib\scada"
"1. Master\2. Data\py\scapy\contrib\scada\__init__.py",File,6,"1. Master\2. Data\py\scapy\contrib\scada"
"1. Master\2. Data\py\scapy\contrib\scada\pcom.py",File,6,"1. Master\2. Data\py\scapy\contrib\scada"
"1. Master\2. Data\py\scapy\contrib\scada\iec104\__init__.py",File,7,"1. Master\2. Data\py\scapy\contrib\scada\iec104"
"1. Master\2. Data\py\scapy\contrib\scada\iec104\iec104_fields.py",File,7,"1. Master\2. Data\py\scapy\contrib\scada\iec104"
"1. Master\2. Data\py\scapy\contrib\scada\iec104\iec104_information_elements.py",File,7,"1. Master\2. Data\py\scapy\contrib\scada\iec104"
"1. Master\2. Data\py\scapy\contrib\scada\iec104\iec104_information_objects.py",File,7,"1. Master\2. Data\py\scapy\contrib\scada\iec104"
"1. Master\2. Data\py\scapy\contrib\__pycache__\__init__.cpython-314.pyc",File,6,"1. Master\2. Data\py\scapy\contrib\__pycache__"
"1. Master\2. Data\py\scapy\contrib\__pycache__\ethercat.cpython-314.pyc",File,6,"1. Master\2. Data\py\scapy\contrib\__pycache__"
"1. Master\2. Data\py\scapy\layers\__pycache__",Folder,5,"1. Master\2. Data\py\scapy\layers"
"1. Master\2. Data\py\scapy\layers\tls",Folder,5,"1. Master\2. Data\py\scapy\layers"
"1. Master\2. Data\py\scapy\layers\__init__.py",File,5,"1. Master\2. Data\py\scapy\layers"
"1. Master\2. Data\py\scapy\layers\all.py",File,5,"1. Master\2. Data\py\scapy\layers"
"1. Master\2. Data\py\scapy\layers\bluetooth.py",File,5,"1. Master\2. Data\py\scapy\layers"
"1. Master\2. Data\py\scapy\layers\bluetooth4LE.py",File,5,"1. Master\2. Data\py\scapy\layers"
"1. Master\2. Data\py\scapy\layers\can.py",File,5,"1. Master\2. Data\py\scapy\layers"
"1. Master\2. Data\py\scapy\layers\clns.py",File,5,"1. Master\2. Data\py\scapy\layers"
"1. Master\2. Data\py\scapy\layers\dcerpc.py",File,5,"1. Master\2. Data\py\scapy\layers"
"1. Master\2. Data\py\scapy\layers\dhcp.py",File,5,"1. Master\2. Data\py\scapy\layers"
"1. Master\2. Data\py\scapy\layers\dhcp6.py",File,5,"1. Master\2. Data\py\scapy\layers"
"1. Master\2. Data\py\scapy\layers\dns.py",File,5,"1. Master\2. Data\py\scapy\layers"
"1. Master\2. Data\py\scapy\layers\dot11.py",File,5,"1. Master\2. Data\py\scapy\layers"
"1. Master\2. Data\py\scapy\layers\dot15d4.py",File,5,"1. Master\2. Data\py\scapy\layers"
"1. Master\2. Data\py\scapy\layers\eap.py",File,5,"1. Master\2. Data\py\scapy\layers"
"1. Master\2. Data\py\scapy\layers\gprs.py",File,5,"1. Master\2. Data\py\scapy\layers"
"1. Master\2. Data\py\scapy\layers\gssapi.py",File,5,"1. Master\2. Data\py\scapy\layers"
"1. Master\2. Data\py\scapy\layers\hsrp.py",File,5,"1. Master\2. Data\py\scapy\layers"
"1. Master\2. Data\py\scapy\layers\http.py",File,5,"1. Master\2. Data\py\scapy\layers"
"1. Master\2. Data\py\scapy\layers\inet.py",File,5,"1. Master\2. Data\py\scapy\layers"
"1. Master\2. Data\py\scapy\layers\inet6.py",File,5,"1. Master\2. Data\py\scapy\layers"
"1. Master\2. Data\py\scapy\layers\ipsec.py",File,5,"1. Master\2. Data\py\scapy\layers"
"1. Master\2. Data\py\scapy\layers\ir.py",File,5,"1. Master\2. Data\py\scapy\layers"
"1. Master\2. Data\py\scapy\layers\isakmp.py",File,5,"1. Master\2. Data\py\scapy\layers"
"1. Master\2. Data\py\scapy\layers\kerberos.py",File,5,"1. Master\2. Data\py\scapy\layers"
"1. Master\2. Data\py\scapy\layers\l2.py",File,5,"1. Master\2. Data\py\scapy\layers"
"1. Master\2. Data\py\scapy\layers\l2tp.py",File,5,"1. Master\2. Data\py\scapy\layers"
"1. Master\2. Data\py\scapy\layers\ldap.py",File,5,"1. Master\2. Data\py\scapy\layers"
"1. Master\2. Data\py\scapy\layers\llmnr.py",File,5,"1. Master\2. Data\py\scapy\layers"
"1. Master\2. Data\py\scapy\layers\lltd.py",File,5,"1. Master\2. Data\py\scapy\layers"
"1. Master\2. Data\py\scapy\layers\mgcp.py",File,5,"1. Master\2. Data\py\scapy\layers"
"1. Master\2. Data\py\scapy\layers\mobileip.py",File,5,"1. Master\2. Data\py\scapy\layers"
"1. Master\2. Data\py\scapy\layers\mspac.py",File,5,"1. Master\2. Data\py\scapy\layers"
"1. Master\2. Data\py\scapy\layers\netbios.py",File,5,"1. Master\2. Data\py\scapy\layers"
"1. Master\2. Data\py\scapy\layers\netflow.py",File,5,"1. Master\2. Data\py\scapy\layers"
"1. Master\2. Data\py\scapy\layers\ntlm.py",File,5,"1. Master\2. Data\py\scapy\layers"
"1. Master\2. Data\py\scapy\layers\ntp.py",File,5,"1. Master\2. Data\py\scapy\layers"
"1. Master\2. Data\py\scapy\layers\pflog.py",File,5,"1. Master\2. Data\py\scapy\layers"
"1. Master\2. Data\py\scapy\layers\ppi.py",File,5,"1. Master\2. Data\py\scapy\layers"
"1. Master\2. Data\py\scapy\layers\ppp.py",File,5,"1. Master\2. Data\py\scapy\layers"
"1. Master\2. Data\py\scapy\layers\pptp.py",File,5,"1. Master\2. Data\py\scapy\layers"
"1. Master\2. Data\py\scapy\layers\radius.py",File,5,"1. Master\2. Data\py\scapy\layers"
"1. Master\2. Data\py\scapy\layers\rip.py",File,5,"1. Master\2. Data\py\scapy\layers"
"1. Master\2. Data\py\scapy\layers\rtp.py",File,5,"1. Master\2. Data\py\scapy\layers"
"1. Master\2. Data\py\scapy\layers\sctp.py",File,5,"1. Master\2. Data\py\scapy\layers"
"1. Master\2. Data\py\scapy\layers\sixlowpan.py",File,5,"1. Master\2. Data\py\scapy\layers"
"1. Master\2. Data\py\scapy\layers\skinny.py",File,5,"1. Master\2. Data\py\scapy\layers"
"1. Master\2. Data\py\scapy\layers\smb.py",File,5,"1. Master\2. Data\py\scapy\layers"
"1. Master\2. Data\py\scapy\layers\smb2.py",File,5,"1. Master\2. Data\py\scapy\layers"
"1. Master\2. Data\py\scapy\layers\smbclient.py",File,5,"1. Master\2. Data\py\scapy\layers"
"1. Master\2. Data\py\scapy\layers\smbserver.py",File,5,"1. Master\2. Data\py\scapy\layers"
"1. Master\2. Data\py\scapy\layers\snmp.py",File,5,"1. Master\2. Data\py\scapy\layers"
"1. Master\2. Data\py\scapy\layers\tftp.py",File,5,"1. Master\2. Data\py\scapy\layers"
"1. Master\2. Data\py\scapy\layers\tuntap.py",File,5,"1. Master\2. Data\py\scapy\layers"
"1. Master\2. Data\py\scapy\layers\usb.py",File,5,"1. Master\2. Data\py\scapy\layers"
"1. Master\2. Data\py\scapy\layers\vrrp.py",File,5,"1. Master\2. Data\py\scapy\layers"
"1. Master\2. Data\py\scapy\layers\vxlan.py",File,5,"1. Master\2. Data\py\scapy\layers"
"1. Master\2. Data\py\scapy\layers\x509.py",File,5,"1. Master\2. Data\py\scapy\layers"
"1. Master\2. Data\py\scapy\layers\zigbee.py",File,5,"1. Master\2. Data\py\scapy\layers"
"1. Master\2. Data\py\scapy\layers\tls\__pycache__",Folder,6,"1. Master\2. Data\py\scapy\layers\tls"
"1. Master\2. Data\py\scapy\layers\tls\crypto",Folder,6,"1. Master\2. Data\py\scapy\layers\tls"
"1. Master\2. Data\py\scapy\layers\tls\__init__.py",File,6,"1. Master\2. Data\py\scapy\layers\tls"
"1. Master\2. Data\py\scapy\layers\tls\all.py",File,6,"1. Master\2. Data\py\scapy\layers\tls"
"1. Master\2. Data\py\scapy\layers\tls\automaton_cli.py",File,6,"1. Master\2. Data\py\scapy\layers\tls"
"1. Master\2. Data\py\scapy\layers\tls\automaton_srv.py",File,6,"1. Master\2. Data\py\scapy\layers\tls"
"1. Master\2. Data\py\scapy\layers\tls\automaton.py",File,6,"1. Master\2. Data\py\scapy\layers\tls"
"1. Master\2. Data\py\scapy\layers\tls\basefields.py",File,6,"1. Master\2. Data\py\scapy\layers\tls"
"1. Master\2. Data\py\scapy\layers\tls\cert.py",File,6,"1. Master\2. Data\py\scapy\layers\tls"
"1. Master\2. Data\py\scapy\layers\tls\extensions.py",File,6,"1. Master\2. Data\py\scapy\layers\tls"
"1. Master\2. Data\py\scapy\layers\tls\handshake_sslv2.py",File,6,"1. Master\2. Data\py\scapy\layers\tls"
"1. Master\2. Data\py\scapy\layers\tls\handshake.py",File,6,"1. Master\2. Data\py\scapy\layers\tls"
"1. Master\2. Data\py\scapy\layers\tls\keyexchange_tls13.py",File,6,"1. Master\2. Data\py\scapy\layers\tls"
"1. Master\2. Data\py\scapy\layers\tls\keyexchange.py",File,6,"1. Master\2. Data\py\scapy\layers\tls"
"1. Master\2. Data\py\scapy\layers\tls\record_sslv2.py",File,6,"1. Master\2. Data\py\scapy\layers\tls"
"1. Master\2. Data\py\scapy\layers\tls\record_tls13.py",File,6,"1. Master\2. Data\py\scapy\layers\tls"
"1. Master\2. Data\py\scapy\layers\tls\record.py",File,6,"1. Master\2. Data\py\scapy\layers\tls"
"1. Master\2. Data\py\scapy\layers\tls\session.py",File,6,"1. Master\2. Data\py\scapy\layers\tls"
"1. Master\2. Data\py\scapy\layers\tls\tools.py",File,6,"1. Master\2. Data\py\scapy\layers\tls"
"1. Master\2. Data\py\scapy\layers\tls\crypto\__pycache__",Folder,7,"1. Master\2. Data\py\scapy\layers\tls\crypto"
"1. Master\2. Data\py\scapy\layers\tls\crypto\__init__.py",File,7,"1. Master\2. Data\py\scapy\layers\tls\crypto"
"1. Master\2. Data\py\scapy\layers\tls\crypto\all.py",File,7,"1. Master\2. Data\py\scapy\layers\tls\crypto"
"1. Master\2. Data\py\scapy\layers\tls\crypto\cipher_aead.py",File,7,"1. Master\2. Data\py\scapy\layers\tls\crypto"
"1. Master\2. Data\py\scapy\layers\tls\crypto\cipher_block.py",File,7,"1. Master\2. Data\py\scapy\layers\tls\crypto"
"1. Master\2. Data\py\scapy\layers\tls\crypto\cipher_stream.py",File,7,"1. Master\2. Data\py\scapy\layers\tls\crypto"
"1. Master\2. Data\py\scapy\layers\tls\crypto\ciphers.py",File,7,"1. Master\2. Data\py\scapy\layers\tls\crypto"
"1. Master\2. Data\py\scapy\layers\tls\crypto\common.py",File,7,"1. Master\2. Data\py\scapy\layers\tls\crypto"
"1. Master\2. Data\py\scapy\layers\tls\crypto\compression.py",File,7,"1. Master\2. Data\py\scapy\layers\tls\crypto"
"1. Master\2. Data\py\scapy\layers\tls\crypto\groups.py",File,7,"1. Master\2. Data\py\scapy\layers\tls\crypto"
"1. Master\2. Data\py\scapy\layers\tls\crypto\h_mac.py",File,7,"1. Master\2. Data\py\scapy\layers\tls\crypto"
"1. Master\2. Data\py\scapy\layers\tls\crypto\hash.py",File,7,"1. Master\2. Data\py\scapy\layers\tls\crypto"
"1. Master\2. Data\py\scapy\layers\tls\crypto\hkdf.py",File,7,"1. Master\2. Data\py\scapy\layers\tls\crypto"
"1. Master\2. Data\py\scapy\layers\tls\crypto\kx_algs.py",File,7,"1. Master\2. Data\py\scapy\layers\tls\crypto"
"1. Master\2. Data\py\scapy\layers\tls\crypto\md4.py",File,7,"1. Master\2. Data\py\scapy\layers\tls\crypto"
"1. Master\2. Data\py\scapy\layers\tls\crypto\pkcs1.py",File,7,"1. Master\2. Data\py\scapy\layers\tls\crypto"
"1. Master\2. Data\py\scapy\layers\tls\crypto\prf.py",File,7,"1. Master\2. Data\py\scapy\layers\tls\crypto"
"1. Master\2. Data\py\scapy\layers\tls\crypto\suites.py",File,7,"1. Master\2. Data\py\scapy\layers\tls\crypto"
"1. Master\2. Data\py\scapy\layers\tls\crypto\__pycache__\__init__.cpython-314.pyc",File,8,"1. Master\2. Data\py\scapy\layers\tls\crypto\__pycache__"
"1. Master\2. Data\py\scapy\layers\tls\crypto\__pycache__\hash.cpython-314.pyc",File,8,"1. Master\2. Data\py\scapy\layers\tls\crypto\__pycache__"
"1. Master\2. Data\py\scapy\layers\tls\crypto\__pycache__\md4.cpython-314.pyc",File,8,"1. Master\2. Data\py\scapy\layers\tls\crypto\__pycache__"
"1. Master\2. Data\py\scapy\layers\tls\__pycache__\__init__.cpython-314.pyc",File,7,"1. Master\2. Data\py\scapy\layers\tls\__pycache__"
"1. Master\2. Data\py\scapy\layers\__pycache__\__init__.cpython-314.pyc",File,6,"1. Master\2. Data\py\scapy\layers\__pycache__"
"1. Master\2. Data\py\scapy\layers\__pycache__\all.cpython-314.pyc",File,6,"1. Master\2. Data\py\scapy\layers\__pycache__"
"1. Master\2. Data\py\scapy\layers\__pycache__\bluetooth.cpython-314.pyc",File,6,"1. Master\2. Data\py\scapy\layers\__pycache__"
"1. Master\2. Data\py\scapy\layers\__pycache__\bluetooth4LE.cpython-314.pyc",File,6,"1. Master\2. Data\py\scapy\layers\__pycache__"
"1. Master\2. Data\py\scapy\layers\__pycache__\dcerpc.cpython-314.pyc",File,6,"1. Master\2. Data\py\scapy\layers\__pycache__"
"1. Master\2. Data\py\scapy\layers\__pycache__\dhcp.cpython-314.pyc",File,6,"1. Master\2. Data\py\scapy\layers\__pycache__"
"1. Master\2. Data\py\scapy\layers\__pycache__\dhcp6.cpython-314.pyc",File,6,"1. Master\2. Data\py\scapy\layers\__pycache__"
"1. Master\2. Data\py\scapy\layers\__pycache__\dns.cpython-314.pyc",File,6,"1. Master\2. Data\py\scapy\layers\__pycache__"
"1. Master\2. Data\py\scapy\layers\__pycache__\dot11.cpython-314.pyc",File,6,"1. Master\2. Data\py\scapy\layers\__pycache__"
"1. Master\2. Data\py\scapy\layers\__pycache__\dot15d4.cpython-314.pyc",File,6,"1. Master\2. Data\py\scapy\layers\__pycache__"
"1. Master\2. Data\py\scapy\layers\__pycache__\eap.cpython-314.pyc",File,6,"1. Master\2. Data\py\scapy\layers\__pycache__"
"1. Master\2. Data\py\scapy\layers\__pycache__\gprs.cpython-314.pyc",File,6,"1. Master\2. Data\py\scapy\layers\__pycache__"
"1. Master\2. Data\py\scapy\layers\__pycache__\gssapi.cpython-314.pyc",File,6,"1. Master\2. Data\py\scapy\layers\__pycache__"
"1. Master\2. Data\py\scapy\layers\__pycache__\hsrp.cpython-314.pyc",File,6,"1. Master\2. Data\py\scapy\layers\__pycache__"
"1. Master\2. Data\py\scapy\layers\__pycache__\inet.cpython-314.pyc",File,6,"1. Master\2. Data\py\scapy\layers\__pycache__"
"1. Master\2. Data\py\scapy\layers\__pycache__\inet6.cpython-314.pyc",File,6,"1. Master\2. Data\py\scapy\layers\__pycache__"
"1. Master\2. Data\py\scapy\layers\__pycache__\ipsec.cpython-314.pyc",File,6,"1. Master\2. Data\py\scapy\layers\__pycache__"
"1. Master\2. Data\py\scapy\layers\__pycache__\ir.cpython-314.pyc",File,6,"1. Master\2. Data\py\scapy\layers\__pycache__"
"1. Master\2. Data\py\scapy\layers\__pycache__\isakmp.cpython-314.pyc",File,6,"1. Master\2. Data\py\scapy\layers\__pycache__"
"1. Master\2. Data\py\scapy\layers\__pycache__\kerberos.cpython-314.pyc",File,6,"1. Master\2. Data\py\scapy\layers\__pycache__"
"1. Master\2. Data\py\scapy\layers\__pycache__\l2.cpython-314.pyc",File,6,"1. Master\2. Data\py\scapy\layers\__pycache__"
"1. Master\2. Data\py\scapy\layers\__pycache__\l2tp.cpython-314.pyc",File,6,"1. Master\2. Data\py\scapy\layers\__pycache__"
"1. Master\2. Data\py\scapy\layers\__pycache__\ldap.cpython-314.pyc",File,6,"1. Master\2. Data\py\scapy\layers\__pycache__"
"1. Master\2. Data\py\scapy\layers\__pycache__\llmnr.cpython-314.pyc",File,6,"1. Master\2. Data\py\scapy\layers\__pycache__"
"1. Master\2. Data\py\scapy\layers\__pycache__\lltd.cpython-314.pyc",File,6,"1. Master\2. Data\py\scapy\layers\__pycache__"
"1. Master\2. Data\py\scapy\layers\__pycache__\mgcp.cpython-314.pyc",File,6,"1. Master\2. Data\py\scapy\layers\__pycache__"
"1. Master\2. Data\py\scapy\layers\__pycache__\mobileip.cpython-314.pyc",File,6,"1. Master\2. Data\py\scapy\layers\__pycache__"
"1. Master\2. Data\py\scapy\layers\__pycache__\mspac.cpython-314.pyc",File,6,"1. Master\2. Data\py\scapy\layers\__pycache__"
"1. Master\2. Data\py\scapy\layers\__pycache__\netbios.cpython-314.pyc",File,6,"1. Master\2. Data\py\scapy\layers\__pycache__"
"1. Master\2. Data\py\scapy\layers\__pycache__\netflow.cpython-314.pyc",File,6,"1. Master\2. Data\py\scapy\layers\__pycache__"
"1. Master\2. Data\py\scapy\layers\__pycache__\ntlm.cpython-314.pyc",File,6,"1. Master\2. Data\py\scapy\layers\__pycache__"
"1. Master\2. Data\py\scapy\layers\__pycache__\ntp.cpython-314.pyc",File,6,"1. Master\2. Data\py\scapy\layers\__pycache__"
"1. Master\2. Data\py\scapy\layers\__pycache__\ppi.cpython-314.pyc",File,6,"1. Master\2. Data\py\scapy\layers\__pycache__"
"1. Master\2. Data\py\scapy\layers\__pycache__\ppp.cpython-314.pyc",File,6,"1. Master\2. Data\py\scapy\layers\__pycache__"
"1. Master\2. Data\py\scapy\layers\__pycache__\pptp.cpython-314.pyc",File,6,"1. Master\2. Data\py\scapy\layers\__pycache__"
"1. Master\2. Data\py\scapy\layers\__pycache__\radius.cpython-314.pyc",File,6,"1. Master\2. Data\py\scapy\layers\__pycache__"
"1. Master\2. Data\py\scapy\layers\__pycache__\rip.cpython-314.pyc",File,6,"1. Master\2. Data\py\scapy\layers\__pycache__"
"1. Master\2. Data\py\scapy\layers\__pycache__\rtp.cpython-314.pyc",File,6,"1. Master\2. Data\py\scapy\layers\__pycache__"
"1. Master\2. Data\py\scapy\layers\__pycache__\sctp.cpython-314.pyc",File,6,"1. Master\2. Data\py\scapy\layers\__pycache__"
"1. Master\2. Data\py\scapy\layers\__pycache__\sixlowpan.cpython-314.pyc",File,6,"1. Master\2. Data\py\scapy\layers\__pycache__"
"1. Master\2. Data\py\scapy\layers\__pycache__\skinny.cpython-314.pyc",File,6,"1. Master\2. Data\py\scapy\layers\__pycache__"
"1. Master\2. Data\py\scapy\layers\__pycache__\smb.cpython-314.pyc",File,6,"1. Master\2. Data\py\scapy\layers\__pycache__"
"1. Master\2. Data\py\scapy\layers\__pycache__\smb2.cpython-314.pyc",File,6,"1. Master\2. Data\py\scapy\layers\__pycache__"
"1. Master\2. Data\py\scapy\layers\__pycache__\smbclient.cpython-314.pyc",File,6,"1. Master\2. Data\py\scapy\layers\__pycache__"
"1. Master\2. Data\py\scapy\layers\__pycache__\smbserver.cpython-314.pyc",File,6,"1. Master\2. Data\py\scapy\layers\__pycache__"
"1. Master\2. Data\py\scapy\layers\__pycache__\snmp.cpython-314.pyc",File,6,"1. Master\2. Data\py\scapy\layers\__pycache__"
"1. Master\2. Data\py\scapy\layers\__pycache__\tftp.cpython-314.pyc",File,6,"1. Master\2. Data\py\scapy\layers\__pycache__"
"1. Master\2. Data\py\scapy\layers\__pycache__\vrrp.cpython-314.pyc",File,6,"1. Master\2. Data\py\scapy\layers\__pycache__"
"1. Master\2. Data\py\scapy\layers\__pycache__\vxlan.cpython-314.pyc",File,6,"1. Master\2. Data\py\scapy\layers\__pycache__"
"1. Master\2. Data\py\scapy\layers\__pycache__\x509.cpython-314.pyc",File,6,"1. Master\2. Data\py\scapy\layers\__pycache__"
"1. Master\2. Data\py\scapy\layers\__pycache__\zigbee.cpython-314.pyc",File,6,"1. Master\2. Data\py\scapy\layers\__pycache__"
"1. Master\2. Data\py\scapy\libs\__pycache__",Folder,5,"1. Master\2. Data\py\scapy\libs"
"1. Master\2. Data\py\scapy\libs\__init__.py",File,5,"1. Master\2. Data\py\scapy\libs"
"1. Master\2. Data\py\scapy\libs\ethertypes.py",File,5,"1. Master\2. Data\py\scapy\libs"
"1. Master\2. Data\py\scapy\libs\matplot.py",File,5,"1. Master\2. Data\py\scapy\libs"
"1. Master\2. Data\py\scapy\libs\rfc3961.py",File,5,"1. Master\2. Data\py\scapy\libs"
"1. Master\2. Data\py\scapy\libs\six.py",File,5,"1. Master\2. Data\py\scapy\libs"
"1. Master\2. Data\py\scapy\libs\structures.py",File,5,"1. Master\2. Data\py\scapy\libs"
"1. Master\2. Data\py\scapy\libs\test_pyx.py",File,5,"1. Master\2. Data\py\scapy\libs"
"1. Master\2. Data\py\scapy\libs\winpcapy.py",File,5,"1. Master\2. Data\py\scapy\libs"
"1. Master\2. Data\py\scapy\libs\__pycache__\__init__.cpython-314.pyc",File,6,"1. Master\2. Data\py\scapy\libs\__pycache__"
"1. Master\2. Data\py\scapy\libs\__pycache__\ethertypes.cpython-314.pyc",File,6,"1. Master\2. Data\py\scapy\libs\__pycache__"
"1. Master\2. Data\py\scapy\libs\__pycache__\six.cpython-314.pyc",File,6,"1. Master\2. Data\py\scapy\libs\__pycache__"
"1. Master\2. Data\py\scapy\libs\__pycache__\structures.cpython-314.pyc",File,6,"1. Master\2. Data\py\scapy\libs\__pycache__"
"1. Master\2. Data\py\scapy\libs\__pycache__\test_pyx.cpython-314.pyc",File,6,"1. Master\2. Data\py\scapy\libs\__pycache__"
"1. Master\2. Data\py\scapy\libs\__pycache__\winpcapy.cpython-314.pyc",File,6,"1. Master\2. Data\py\scapy\libs\__pycache__"
"1. Master\2. Data\py\scapy\modules\krack",Folder,5,"1. Master\2. Data\py\scapy\modules"
"1. Master\2. Data\py\scapy\modules\__init__.py",File,5,"1. Master\2. Data\py\scapy\modules"
"1. Master\2. Data\py\scapy\modules\nmap.py",File,5,"1. Master\2. Data\py\scapy\modules"
"1. Master\2. Data\py\scapy\modules\p0f.py",File,5,"1. Master\2. Data\py\scapy\modules"
"1. Master\2. Data\py\scapy\modules\p0fv2.py",File,5,"1. Master\2. Data\py\scapy\modules"
"1. Master\2. Data\py\scapy\modules\voip.py",File,5,"1. Master\2. Data\py\scapy\modules"
"1. Master\2. Data\py\scapy\modules\krack\__init__.py",File,6,"1. Master\2. Data\py\scapy\modules\krack"
"1. Master\2. Data\py\scapy\modules\krack\automaton.py",File,6,"1. Master\2. Data\py\scapy\modules\krack"
"1. Master\2. Data\py\scapy\modules\krack\crypto.py",File,6,"1. Master\2. Data\py\scapy\modules\krack"
"1. Master\2. Data\py\scapy\tools\automotive",Folder,5,"1. Master\2. Data\py\scapy\tools"
"1. Master\2. Data\py\scapy\tools\__init__.py",File,5,"1. Master\2. Data\py\scapy\tools"
"1. Master\2. Data\py\scapy\tools\check_asdis.py",File,5,"1. Master\2. Data\py\scapy\tools"
"1. Master\2. Data\py\scapy\tools\generate_ethertypes.py",File,5,"1. Master\2. Data\py\scapy\tools"
"1. Master\2. Data\py\scapy\tools\scapy_pyannotate.py",File,5,"1. Master\2. Data\py\scapy\tools"
"1. Master\2. Data\py\scapy\tools\UTscapy.py",File,5,"1. Master\2. Data\py\scapy\tools"
"1. Master\2. Data\py\scapy\tools\automotive\__init__.py",File,6,"1. Master\2. Data\py\scapy\tools\automotive"
"1. Master\2. Data\py\scapy\tools\automotive\isotpscanner.py",File,6,"1. Master\2. Data\py\scapy\tools\automotive"
"1. Master\2. Data\py\scapy\tools\automotive\obdscanner.py",File,6,"1. Master\2. Data\py\scapy\tools\automotive"
"1. Master\2. Data\py\scapy\tools\automotive\xcpscanner.py",File,6,"1. Master\2. Data\py\scapy\tools\automotive"
"1. Master\2. Data\py\scapy\__pycache__\__init__.cpython-314.pyc",File,5,"1. Master\2. Data\py\scapy\__pycache__"
"1. Master\2. Data\py\scapy\__pycache__\all.cpython-314.pyc",File,5,"1. Master\2. Data\py\scapy\__pycache__"
"1. Master\2. Data\py\scapy\__pycache__\ansmachine.cpython-314.pyc",File,5,"1. Master\2. Data\py\scapy\__pycache__"
"1. Master\2. Data\py\scapy\__pycache__\as_resolvers.cpython-314.pyc",File,5,"1. Master\2. Data\py\scapy\__pycache__"
"1. Master\2. Data\py\scapy\__pycache__\asn1fields.cpython-314.pyc",File,5,"1. Master\2. Data\py\scapy\__pycache__"
"1. Master\2. Data\py\scapy\__pycache__\asn1packet.cpython-314.pyc",File,5,"1. Master\2. Data\py\scapy\__pycache__"
"1. Master\2. Data\py\scapy\__pycache__\automaton.cpython-314.pyc",File,5,"1. Master\2. Data\py\scapy\__pycache__"
"1. Master\2. Data\py\scapy\__pycache__\autorun.cpython-314.pyc",File,5,"1. Master\2. Data\py\scapy\__pycache__"
"1. Master\2. Data\py\scapy\__pycache__\base_classes.cpython-314.pyc",File,5,"1. Master\2. Data\py\scapy\__pycache__"
"1. Master\2. Data\py\scapy\__pycache__\compat.cpython-314.pyc",File,5,"1. Master\2. Data\py\scapy\__pycache__"
"1. Master\2. Data\py\scapy\__pycache__\config.cpython-314.pyc",File,5,"1. Master\2. Data\py\scapy\__pycache__"
"1. Master\2. Data\py\scapy\__pycache__\consts.cpython-314.pyc",File,5,"1. Master\2. Data\py\scapy\__pycache__"
"1. Master\2. Data\py\scapy\__pycache__\dadict.cpython-314.pyc",File,5,"1. Master\2. Data\py\scapy\__pycache__"
"1. Master\2. Data\py\scapy\__pycache__\data.cpython-314.pyc",File,5,"1. Master\2. Data\py\scapy\__pycache__"
"1. Master\2. Data\py\scapy\__pycache__\error.cpython-314.pyc",File,5,"1. Master\2. Data\py\scapy\__pycache__"
"1. Master\2. Data\py\scapy\__pycache__\fields.cpython-314.pyc",File,5,"1. Master\2. Data\py\scapy\__pycache__"
"1. Master\2. Data\py\scapy\__pycache__\interfaces.cpython-314.pyc",File,5,"1. Master\2. Data\py\scapy\__pycache__"
"1. Master\2. Data\py\scapy\__pycache__\main.cpython-314.pyc",File,5,"1. Master\2. Data\py\scapy\__pycache__"
"1. Master\2. Data\py\scapy\__pycache__\packet.cpython-314.pyc",File,5,"1. Master\2. Data\py\scapy\__pycache__"
"1. Master\2. Data\py\scapy\__pycache__\pipetool.cpython-314.pyc",File,5,"1. Master\2. Data\py\scapy\__pycache__"
"1. Master\2. Data\py\scapy\__pycache__\plist.cpython-314.pyc",File,5,"1. Master\2. Data\py\scapy\__pycache__"
"1. Master\2. Data\py\scapy\__pycache__\pton_ntop.cpython-314.pyc",File,5,"1. Master\2. Data\py\scapy\__pycache__"
"1. Master\2. Data\py\scapy\__pycache__\route.cpython-314.pyc",File,5,"1. Master\2. Data\py\scapy\__pycache__"
"1. Master\2. Data\py\scapy\__pycache__\route6.cpython-314.pyc",File,5,"1. Master\2. Data\py\scapy\__pycache__"
"1. Master\2. Data\py\scapy\__pycache__\scapypipes.cpython-314.pyc",File,5,"1. Master\2. Data\py\scapy\__pycache__"
"1. Master\2. Data\py\scapy\__pycache__\sendrecv.cpython-314.pyc",File,5,"1. Master\2. Data\py\scapy\__pycache__"
"1. Master\2. Data\py\scapy\__pycache__\sessions.cpython-314.pyc",File,5,"1. Master\2. Data\py\scapy\__pycache__"
"1. Master\2. Data\py\scapy\__pycache__\supersocket.cpython-314.pyc",File,5,"1. Master\2. Data\py\scapy\__pycache__"
"1. Master\2. Data\py\scapy\__pycache__\themes.cpython-314.pyc",File,5,"1. Master\2. Data\py\scapy\__pycache__"
"1. Master\2. Data\py\scapy\__pycache__\utils.cpython-314.pyc",File,5,"1. Master\2. Data\py\scapy\__pycache__"
"1. Master\2. Data\py\scapy\__pycache__\utils6.cpython-314.pyc",File,5,"1. Master\2. Data\py\scapy\__pycache__"
"1. Master\2. Data\py\scapy\__pycache__\volatile.cpython-314.pyc",File,5,"1. Master\2. Data\py\scapy\__pycache__"
"1. Master\2. Data\py\test\benchmark",Folder,4,"1. Master\2. Data\py\test"
"1. Master\2. Data\py\test\configs",Folder,4,"1. Master\2. Data\py\test"
"1. Master\2. Data\py\test\contrib",Folder,4,"1. Master\2. Data\py\test"
"1. Master\2. Data\py\test\pcaps",Folder,4,"1. Master\2. Data\py\test"
"1. Master\2. Data\py\test\scapy",Folder,4,"1. Master\2. Data\py\test"
"1. Master\2. Data\py\test\tls",Folder,4,"1. Master\2. Data\py\test"
"1. Master\2. Data\py\test\tools",Folder,4,"1. Master\2. Data\py\test"
"1. Master\2. Data\py\test\__init__.py",File,4,"1. Master\2. Data\py\test"
"1. Master\2. Data\py\test\answering_machines.uts",File,4,"1. Master\2. Data\py\test"
"1. Master\2. Data\py\test\bpf.uts",File,4,"1. Master\2. Data\py\test"
"1. Master\2. Data\py\test\cert.uts",File,4,"1. Master\2. Data\py\test"
"1. Master\2. Data\py\test\fields.uts",File,4,"1. Master\2. Data\py\test"
"1. Master\2. Data\py\test\imports.uts",File,4,"1. Master\2. Data\py\test"
"1. Master\2. Data\py\test\linux.uts",File,4,"1. Master\2. Data\py\test"
"1. Master\2. Data\py\test\nmap.uts",File,4,"1. Master\2. Data\py\test"
"1. Master\2. Data\py\test\p0f.uts",File,4,"1. Master\2. Data\py\test"
"1. Master\2. Data\py\test\p0fv2.uts",File,4,"1. Master\2. Data\py\test"
"1. Master\2. Data\py\test\pipetool.uts",File,4,"1. Master\2. Data\py\test"
"1. Master\2. Data\py\test\random.uts",File,4,"1. Master\2. Data\py\test"
"1. Master\2. Data\py\test\regression.uts",File,4,"1. Master\2. Data\py\test"
"1. Master\2. Data\py\test\run_tests",File,4,"1. Master\2. Data\py\test"
"1. Master\2. Data\py\test\run_tests.bat",File,4,"1. Master\2. Data\py\test"
"1. Master\2. Data\py\test\sendsniff.uts",File,4,"1. Master\2. Data\py\test"
"1. Master\2. Data\py\test\sslv2.uts",File,4,"1. Master\2. Data\py\test"
"1. Master\2. Data\py\test\testsocket.py",File,4,"1. Master\2. Data\py\test"
"1. Master\2. Data\py\test\tftp.uts",File,4,"1. Master\2. Data\py\test"
"1. Master\2. Data\py\test\tls.uts",File,4,"1. Master\2. Data\py\test"
"1. Master\2. Data\py\test\tls13.uts",File,4,"1. Master\2. Data\py\test"
"1. Master\2. Data\py\test\tuntap.uts",File,4,"1. Master\2. Data\py\test"
"1. Master\2. Data\py\test\windows.uts",File,4,"1. Master\2. Data\py\test"
"1. Master\2. Data\py\test\benchmark\common.py",File,5,"1. Master\2. Data\py\test\benchmark"
"1. Master\2. Data\py\test\benchmark\dissection_and_build.py",File,5,"1. Master\2. Data\py\test\benchmark"
"1. Master\2. Data\py\test\benchmark\latency_router.py",File,5,"1. Master\2. Data\py\test\benchmark"
"1. Master\2. Data\py\test\configs\bsd.utsc",File,5,"1. Master\2. Data\py\test\configs"
"1. Master\2. Data\py\test\configs\cryptography.utsc",File,5,"1. Master\2. Data\py\test\configs"
"1. Master\2. Data\py\test\configs\linux.utsc",File,5,"1. Master\2. Data\py\test\configs"
"1. Master\2. Data\py\test\configs\README.md",File,5,"1. Master\2. Data\py\test\configs"
"1. Master\2. Data\py\test\configs\solaris.utsc",File,5,"1. Master\2. Data\py\test\configs"
"1. Master\2. Data\py\test\configs\windows.utsc",File,5,"1. Master\2. Data\py\test\configs"
"1. Master\2. Data\py\test\configs\windows2.utsc",File,5,"1. Master\2. Data\py\test\configs"
"1. Master\2. Data\py\test\contrib\automotive",Folder,5,"1. Master\2. Data\py\test\contrib"
"1. Master\2. Data\py\test\contrib\altbeacon.uts",File,5,"1. Master\2. Data\py\test\contrib"
"1. Master\2. Data\py\test\contrib\aoe.uts",File,5,"1. Master\2. Data\py\test\contrib"
"1. Master\2. Data\py\test\contrib\avs.uts",File,5,"1. Master\2. Data\py\test\contrib"
"1. Master\2. Data\py\test\contrib\bfd.uts",File,5,"1. Master\2. Data\py\test\contrib"
"1. Master\2. Data\py\test\contrib\bgp.uts",File,5,"1. Master\2. Data\py\test\contrib"
"1. Master\2. Data\py\test\contrib\bier.uts",File,5,"1. Master\2. Data\py\test\contrib"
"1. Master\2. Data\py\test\contrib\bp.uts",File,5,"1. Master\2. Data\py\test\contrib"
"1. Master\2. Data\py\test\contrib\canfdsocket_native.uts",File,5,"1. Master\2. Data\py\test\contrib"
"1. Master\2. Data\py\test\contrib\canfdsocket_python_can.uts",File,5,"1. Master\2. Data\py\test\contrib"
"1. Master\2. Data\py\test\contrib\cansocket_native.uts",File,5,"1. Master\2. Data\py\test\contrib"
"1. Master\2. Data\py\test\contrib\cansocket_python_can.uts",File,5,"1. Master\2. Data\py\test\contrib"
"1. Master\2. Data\py\test\contrib\cansocket.uts",File,5,"1. Master\2. Data\py\test\contrib"
"1. Master\2. Data\py\test\contrib\carp.uts",File,5,"1. Master\2. Data\py\test\contrib"
"1. Master\2. Data\py\test\contrib\cdp.uts",File,5,"1. Master\2. Data\py\test\contrib"
"1. Master\2. Data\py\test\contrib\chdlc.uts",File,5,"1. Master\2. Data\py\test\contrib"
"1. Master\2. Data\py\test\contrib\coap.uts",File,5,"1. Master\2. Data\py\test\contrib"
"1. Master\2. Data\py\test\contrib\concox.uts",File,5,"1. Master\2. Data\py\test\contrib"
"1. Master\2. Data\py\test\contrib\diameter.uts",File,5,"1. Master\2. Data\py\test\contrib"
"1. Master\2. Data\py\test\contrib\dtp.uts",File,5,"1. Master\2. Data\py\test\contrib"
"1. Master\2. Data\py\test\contrib\eddystone.uts",File,5,"1. Master\2. Data\py\test\contrib"
"1. Master\2. Data\py\test\contrib\eigrp.uts",File,5,"1. Master\2. Data\py\test\contrib"
"1. Master\2. Data\py\test\contrib\enipTCP.uts",File,5,"1. Master\2. Data\py\test\contrib"
"1. Master\2. Data\py\test\contrib\erspan.uts",File,5,"1. Master\2. Data\py\test\contrib"
"1. Master\2. Data\py\test\contrib\esmc.uts",File,5,"1. Master\2. Data\py\test\contrib"
"1. Master\2. Data\py\test\contrib\ethercat.uts",File,5,"1. Master\2. Data\py\test\contrib"
"1. Master\2. Data\py\test\contrib\etherip.uts",File,5,"1. Master\2. Data\py\test\contrib"
"1. Master\2. Data\py\test\contrib\exposure_notification.uts",File,5,"1. Master\2. Data\py\test\contrib"
"1. Master\2. Data\py\test\contrib\geneve.uts",File,5,"1. Master\2. Data\py\test\contrib"
"1. Master\2. Data\py\test\contrib\gtp_v2.uts",File,5,"1. Master\2. Data\py\test\contrib"
"1. Master\2. Data\py\test\contrib\gtp.uts",File,5,"1. Master\2. Data\py\test\contrib"
"1. Master\2. Data\py\test\contrib\gxrp.uts",File,5,"1. Master\2. Data\py\test\contrib"
"1. Master\2. Data\py\test\contrib\homeplugav.uts",File,5,"1. Master\2. Data\py\test\contrib"
"1. Master\2. Data\py\test\contrib\homepluggp.uts",File,5,"1. Master\2. Data\py\test\contrib"
"1. Master\2. Data\py\test\contrib\homeplugsg.uts",File,5,"1. Master\2. Data\py\test\contrib"
"1. Master\2. Data\py\test\contrib\http2.uts",File,5,"1. Master\2. Data\py\test\contrib"
"1. Master\2. Data\py\test\contrib\ibeacon.uts",File,5,"1. Master\2. Data\py\test\contrib"
"1. Master\2. Data\py\test\contrib\icmp_extensions.uts",File,5,"1. Master\2. Data\py\test\contrib"
"1. Master\2. Data\py\test\contrib\iec104.uts",File,5,"1. Master\2. Data\py\test\contrib"
"1. Master\2. Data\py\test\contrib\ife.uts",File,5,"1. Master\2. Data\py\test\contrib"
"1. Master\2. Data\py\test\contrib\igmp.uts",File,5,"1. Master\2. Data\py\test\contrib"
"1. Master\2. Data\py\test\contrib\igmpv3.uts",File,5,"1. Master\2. Data\py\test\contrib"
"1. Master\2. Data\py\test\contrib\ikev2.uts",File,5,"1. Master\2. Data\py\test\contrib"
"1. Master\2. Data\py\test\contrib\isis.uts",File,5,"1. Master\2. Data\py\test\contrib"
"1. Master\2. Data\py\test\contrib\isotp_message_builder.uts",File,5,"1. Master\2. Data\py\test\contrib"
"1. Master\2. Data\py\test\contrib\isotp_native_socket.uts",File,5,"1. Master\2. Data\py\test\contrib"
"1. Master\2. Data\py\test\contrib\isotp_packet.uts",File,5,"1. Master\2. Data\py\test\contrib"
"1. Master\2. Data\py\test\contrib\isotp_soft_socket.uts",File,5,"1. Master\2. Data\py\test\contrib"
"1. Master\2. Data\py\test\contrib\isotpscan.uts",File,5,"1. Master\2. Data\py\test\contrib"
"1. Master\2. Data\py\test\contrib\knx.uts",File,5,"1. Master\2. Data\py\test\contrib"
"1. Master\2. Data\py\test\contrib\lacp.uts",File,5,"1. Master\2. Data\py\test\contrib"
"1. Master\2. Data\py\test\contrib\ldp.uts",File,5,"1. Master\2. Data\py\test\contrib"
"1. Master\2. Data\py\test\contrib\lldp.uts",File,5,"1. Master\2. Data\py\test\contrib"
"1. Master\2. Data\py\test\contrib\loraphy2wan.uts",File,5,"1. Master\2. Data\py\test\contrib"
"1. Master\2. Data\py\test\contrib\ltp.uts",File,5,"1. Master\2. Data\py\test\contrib"
"1. Master\2. Data\py\test\contrib\mac_control.uts",File,5,"1. Master\2. Data\py\test\contrib"
"1. Master\2. Data\py\test\contrib\macsec.uts",File,5,"1. Master\2. Data\py\test\contrib"
"1. Master\2. Data\py\test\contrib\metawatch.uts",File,5,"1. Master\2. Data\py\test\contrib"
"1. Master\2. Data\py\test\contrib\modbus.uts",File,5,"1. Master\2. Data\py\test\contrib"
"1. Master\2. Data\py\test\contrib\mount.uts",File,5,"1. Master\2. Data\py\test\contrib"
"1. Master\2. Data\py\test\contrib\mpls.uts",File,5,"1. Master\2. Data\py\test\contrib"
"1. Master\2. Data\py\test\contrib\mqtt.uts",File,5,"1. Master\2. Data\py\test\contrib"
"1. Master\2. Data\py\test\contrib\mqttsn.uts",File,5,"1. Master\2. Data\py\test\contrib"
"1. Master\2. Data\py\test\contrib\nfs.uts",File,5,"1. Master\2. Data\py\test\contrib"
"1. Master\2. Data\py\test\contrib\nlm.uts",File,5,"1. Master\2. Data\py\test\contrib"
"1. Master\2. Data\py\test\contrib\nsh.uts",File,5,"1. Master\2. Data\py\test\contrib"
"1. Master\2. Data\py\test\contrib\oncrpc.uts",File,5,"1. Master\2. Data\py\test\contrib"
"1. Master\2. Data\py\test\contrib\opc_da.uts",File,5,"1. Master\2. Data\py\test\contrib"
"1. Master\2. Data\py\test\contrib\openflow.uts",File,5,"1. Master\2. Data\py\test\contrib"
"1. Master\2. Data\py\test\contrib\openflow3.uts",File,5,"1. Master\2. Data\py\test\contrib"
"1. Master\2. Data\py\test\contrib\ospf.uts",File,5,"1. Master\2. Data\py\test\contrib"
"1. Master\2. Data\py\test\contrib\pcom.uts",File,5,"1. Master\2. Data\py\test\contrib"
"1. Master\2. Data\py\test\contrib\pfcp.uts",File,5,"1. Master\2. Data\py\test\contrib"
"1. Master\2. Data\py\test\contrib\pim.uts",File,5,"1. Master\2. Data\py\test\contrib"
"1. Master\2. Data\py\test\contrib\pnio_dcp.uts",File,5,"1. Master\2. Data\py\test\contrib"
"1. Master\2. Data\py\test\contrib\pnio_rpc.uts",File,5,"1. Master\2. Data\py\test\contrib"
"1. Master\2. Data\py\test\contrib\pnio.uts",File,5,"1. Master\2. Data\py\test\contrib"
"1. Master\2. Data\py\test\contrib\portmap.uts",File,5,"1. Master\2. Data\py\test\contrib"
"1. Master\2. Data\py\test\contrib\postgres.uts",File,5,"1. Master\2. Data\py\test\contrib"
"1. Master\2. Data\py\test\contrib\ppi_cace.uts",File,5,"1. Master\2. Data\py\test\contrib"
"1. Master\2. Data\py\test\contrib\ppi_geotag.uts",File,5,"1. Master\2. Data\py\test\contrib"
"1. Master\2. Data\py\test\contrib\ripng.uts",File,5,"1. Master\2. Data\py\test\contrib"
"1. Master\2. Data\py\test\contrib\roce.uts",File,5,"1. Master\2. Data\py\test\contrib"
"1. Master\2. Data\py\test\contrib\rpl.uts",File,5,"1. Master\2. Data\py\test\contrib"
"1. Master\2. Data\py\test\contrib\rsvp.uts",File,5,"1. Master\2. Data\py\test\contrib"
"1. Master\2. Data\py\test\contrib\rtcp.uts",File,5,"1. Master\2. Data\py\test\contrib"
"1. Master\2. Data\py\test\contrib\rtps.uts",File,5,"1. Master\2. Data\py\test\contrib"
"1. Master\2. Data\py\test\contrib\rtr.uts",File,5,"1. Master\2. Data\py\test\contrib"
"1. Master\2. Data\py\test\contrib\sdnv.uts",File,5,"1. Master\2. Data\py\test\contrib"
"1. Master\2. Data\py\test\contrib\sebek.uts",File,5,"1. Master\2. Data\py\test\contrib"
"1. Master\2. Data\py\test\contrib\send.uts",File,5,"1. Master\2. Data\py\test\contrib"
"1. Master\2. Data\py\test\contrib\socks.uts",File,5,"1. Master\2. Data\py\test\contrib"
"1. Master\2. Data\py\test\contrib\spbm.uts",File,5,"1. Master\2. Data\py\test\contrib"
"1. Master\2. Data\py\test\contrib\stamp.uts",File,5,"1. Master\2. Data\py\test\contrib"
"1. Master\2. Data\py\test\contrib\stun.uts",File,5,"1. Master\2. Data\py\test\contrib"
"1. Master\2. Data\py\test\contrib\tacacs.uts",File,5,"1. Master\2. Data\py\test\contrib"
"1. Master\2. Data\py\test\contrib\tcpao.uts",File,5,"1. Master\2. Data\py\test\contrib"
"1. Master\2. Data\py\test\contrib\tzsp.uts",File,5,"1. Master\2. Data\py\test\contrib"
"1. Master\2. Data\py\test\contrib\vqp.uts",File,5,"1. Master\2. Data\py\test\contrib"
"1. Master\2. Data\py\test\contrib\vtp.uts",File,5,"1. Master\2. Data\py\test\contrib"
"1. Master\2. Data\py\test\contrib\wireguard.uts",File,5,"1. Master\2. Data\py\test\contrib"
"1. Master\2. Data\py\test\contrib\automotive\bmw",Folder,6,"1. Master\2. Data\py\test\contrib\automotive"
"1. Master\2. Data\py\test\contrib\automotive\gm",Folder,6,"1. Master\2. Data\py\test\contrib\automotive"
"1. Master\2. Data\py\test\contrib\automotive\obd",Folder,6,"1. Master\2. Data\py\test\contrib\automotive"
"1. Master\2. Data\py\test\contrib\automotive\scanner",Folder,6,"1. Master\2. Data\py\test\contrib\automotive"
"1. Master\2. Data\py\test\contrib\automotive\xcp",Folder,6,"1. Master\2. Data\py\test\contrib\automotive"
"1. Master\2. Data\py\test\contrib\automotive\ccp.uts",File,6,"1. Master\2. Data\py\test\contrib\automotive"
"1. Master\2. Data\py\test\contrib\automotive\doip.uts",File,6,"1. Master\2. Data\py\test\contrib\automotive"
"1. Master\2. Data\py\test\contrib\automotive\ecu_am.uts",File,6,"1. Master\2. Data\py\test\contrib\automotive"
"1. Master\2. Data\py\test\contrib\automotive\ecu.uts",File,6,"1. Master\2. Data\py\test\contrib\automotive"
"1. Master\2. Data\py\test\contrib\automotive\interface_mockup.py",File,6,"1. Master\2. Data\py\test\contrib\automotive"
"1. Master\2. Data\py\test\contrib\automotive\kwp.uts",File,6,"1. Master\2. Data\py\test\contrib\automotive"
"1. Master\2. Data\py\test\contrib\automotive\someip.uts",File,6,"1. Master\2. Data\py\test\contrib\automotive"
"1. Master\2. Data\py\test\contrib\automotive\testsocket.uts",File,6,"1. Master\2. Data\py\test\contrib\automotive"
"1. Master\2. Data\py\test\contrib\automotive\uds.uts",File,6,"1. Master\2. Data\py\test\contrib\automotive"
"1. Master\2. Data\py\test\contrib\automotive\bmw\hsfz.uts",File,7,"1. Master\2. Data\py\test\contrib\automotive\bmw"
"1. Master\2. Data\py\test\contrib\automotive\gm\gmlan.uts",File,7,"1. Master\2. Data\py\test\contrib\automotive\gm"
"1. Master\2. Data\py\test\contrib\automotive\gm\gmlanutils.uts",File,7,"1. Master\2. Data\py\test\contrib\automotive\gm"
"1. Master\2. Data\py\test\contrib\automotive\gm\scanner.uts",File,7,"1. Master\2. Data\py\test\contrib\automotive\gm"
"1. Master\2. Data\py\test\contrib\automotive\obd\obd.uts",File,7,"1. Master\2. Data\py\test\contrib\automotive\obd"
"1. Master\2. Data\py\test\contrib\automotive\obd\scanner.uts",File,7,"1. Master\2. Data\py\test\contrib\automotive\obd"
"1. Master\2. Data\py\test\contrib\automotive\scanner\configuration.uts",File,7,"1. Master\2. Data\py\test\contrib\automotive\scanner"
"1. Master\2. Data\py\test\contrib\automotive\scanner\enumerator.uts",File,7,"1. Master\2. Data\py\test\contrib\automotive\scanner"
"1. Master\2. Data\py\test\contrib\automotive\scanner\graph.uts",File,7,"1. Master\2. Data\py\test\contrib\automotive\scanner"
"1. Master\2. Data\py\test\contrib\automotive\scanner\staged_test_case.uts",File,7,"1. Master\2. Data\py\test\contrib\automotive\scanner"
"1. Master\2. Data\py\test\contrib\automotive\scanner\test_case.uts",File,7,"1. Master\2. Data\py\test\contrib\automotive\scanner"
"1. Master\2. Data\py\test\contrib\automotive\scanner\uds_scanner.uts",File,7,"1. Master\2. Data\py\test\contrib\automotive\scanner"
"1. Master\2. Data\py\test\contrib\automotive\xcp\xcp_comm.uts",File,7,"1. Master\2. Data\py\test\contrib\automotive\xcp"
"1. Master\2. Data\py\test\contrib\automotive\xcp\xcp.uts",File,7,"1. Master\2. Data\py\test\contrib\automotive\xcp"
"1. Master\2. Data\py\test\pcaps\bad_rsn_parsing_overrides_ssid.pcap",File,5,"1. Master\2. Data\py\test\pcaps"
"1. Master\2. Data\py\test\pcaps\candump_gmlan_scanner.pcap.gz",File,5,"1. Master\2. Data\py\test\pcaps"
"1. Master\2. Data\py\test\pcaps\candump_uds_scanner.pcap.gz",File,5,"1. Master\2. Data\py\test\pcaps"
"1. Master\2. Data\py\test\pcaps\canfd.pcap.gz",File,5,"1. Master\2. Data\py\test\pcaps"
"1. Master\2. Data\py\test\pcaps\doip_ack.pcap",File,5,"1. Master\2. Data\py\test\pcaps"
"1. Master\2. Data\py\test\pcaps\doip.pcap.gz",File,5,"1. Master\2. Data\py\test\pcaps"
"1. Master\2. Data\py\test\pcaps\ecu_trace.pcap.gz",File,5,"1. Master\2. Data\py\test\pcaps"
"1. Master\2. Data\py\test\pcaps\gmlan_trace.pcap.gz",File,5,"1. Master\2. Data\py\test\pcaps"
"1. Master\2. Data\py\test\pcaps\gvrp.pcapng.gz",File,5,"1. Master\2. Data\py\test\pcaps"
"1. Master\2. Data\py\test\pcaps\http_chunk.pcap.gz",File,5,"1. Master\2. Data\py\test\pcaps"
"1. Master\2. Data\py\test\pcaps\http_compressed-brotli.pcap",File,5,"1. Master\2. Data\py\test\pcaps"
"1. Master\2. Data\py\test\pcaps\http_compressed-zstd.pcap",File,5,"1. Master\2. Data\py\test\pcaps"
"1. Master\2. Data\py\test\pcaps\http_compressed.pcap",File,5,"1. Master\2. Data\py\test\pcaps"
"1. Master\2. Data\py\test\pcaps\http_content_length.pcap",File,5,"1. Master\2. Data\py\test\pcaps"
"1. Master\2. Data\py\test\pcaps\http_tcp_psh.pcap.gz",File,5,"1. Master\2. Data\py\test\pcaps"
"1. Master\2. Data\py\test\pcaps\http2_h2c.pcap",File,5,"1. Master\2. Data\py\test\pcaps"
"1. Master\2. Data\py\test\pcaps\ikev2_nat_t.pcapng",File,5,"1. Master\2. Data\py\test\pcaps"
"1. Master\2. Data\py\test\pcaps\ipfix.pcap",File,5,"1. Master\2. Data\py\test\pcaps"
"1. Master\2. Data\py\test\pcaps\macos.pcapng.gz",File,5,"1. Master\2. Data\py\test\pcaps"
"1. Master\2. Data\py\test\pcaps\netflowv9.pcap",File,5,"1. Master\2. Data\py\test\pcaps"
"1. Master\2. Data\py\test\pcaps\pfcp.pcap",File,5,"1. Master\2. Data\py\test\pcaps"
"1. Master\2. Data\py\test\pcaps\tls_new-session-ticket.pcap",File,5,"1. Master\2. Data\py\test\pcaps"
"1. Master\2. Data\py\test\pcaps\tls_tcp_frag.pcap.gz",File,5,"1. Master\2. Data\py\test\pcaps"
"1. Master\2. Data\py\test\pcaps\zigbee-join-authenticate.pcap",File,5,"1. Master\2. Data\py\test\pcaps"
"1. Master\2. Data\py\test\pcaps\zigbee-transport-key-skke_1.pcap",File,5,"1. Master\2. Data\py\test\pcaps"
"1. Master\2. Data\py\test\scapy\layers",Folder,5,"1. Master\2. Data\py\test\scapy"
"1. Master\2. Data\py\test\scapy\automaton.uts",File,5,"1. Master\2. Data\py\test\scapy"
"1. Master\2. Data\py\test\scapy\layers\asn1.uts",File,6,"1. Master\2. Data\py\test\scapy\layers"
"1. Master\2. Data\py\test\scapy\layers\bluetooth.uts",File,6,"1. Master\2. Data\py\test\scapy\layers"
"1. Master\2. Data\py\test\scapy\layers\bluetooth4LE.uts",File,6,"1. Master\2. Data\py\test\scapy\layers"
"1. Master\2. Data\py\test\scapy\layers\can.uts",File,6,"1. Master\2. Data\py\test\scapy\layers"
"1. Master\2. Data\py\test\scapy\layers\dcerpc.uts",File,6,"1. Master\2. Data\py\test\scapy\layers"
"1. Master\2. Data\py\test\scapy\layers\dhcp.uts",File,6,"1. Master\2. Data\py\test\scapy\layers"
"1. Master\2. Data\py\test\scapy\layers\dhcp6.uts",File,6,"1. Master\2. Data\py\test\scapy\layers"
"1. Master\2. Data\py\test\scapy\layers\dns_dnssec.uts",File,6,"1. Master\2. Data\py\test\scapy\layers"
"1. Master\2. Data\py\test\scapy\layers\dns_edns0.uts",File,6,"1. Master\2. Data\py\test\scapy\layers"
"1. Master\2. Data\py\test\scapy\layers\dns.uts",File,6,"1. Master\2. Data\py\test\scapy\layers"
"1. Master\2. Data\py\test\scapy\layers\dot11.uts",File,6,"1. Master\2. Data\py\test\scapy\layers"
"1. Master\2. Data\py\test\scapy\layers\dot15d4.uts",File,6,"1. Master\2. Data\py\test\scapy\layers"
"1. Master\2. Data\py\test\scapy\layers\eap.uts",File,6,"1. Master\2. Data\py\test\scapy\layers"
"1. Master\2. Data\py\test\scapy\layers\hsrp.uts",File,6,"1. Master\2. Data\py\test\scapy\layers"
"1. Master\2. Data\py\test\scapy\layers\http.uts",File,6,"1. Master\2. Data\py\test\scapy\layers"
"1. Master\2. Data\py\test\scapy\layers\inet.uts",File,6,"1. Master\2. Data\py\test\scapy\layers"
"1. Master\2. Data\py\test\scapy\layers\inet6.uts",File,6,"1. Master\2. Data\py\test\scapy\layers"
"1. Master\2. Data\py\test\scapy\layers\ipsec.uts",File,6,"1. Master\2. Data\py\test\scapy\layers"
"1. Master\2. Data\py\test\scapy\layers\isakmp.uts",File,6,"1. Master\2. Data\py\test\scapy\layers"
"1. Master\2. Data\py\test\scapy\layers\kerberos.uts",File,6,"1. Master\2. Data\py\test\scapy\layers"
"1. Master\2. Data\py\test\scapy\layers\l2.uts",File,6,"1. Master\2. Data\py\test\scapy\layers"
"1. Master\2. Data\py\test\scapy\layers\l2tp.uts",File,6,"1. Master\2. Data\py\test\scapy\layers"
"1. Master\2. Data\py\test\scapy\layers\ldap.uts",File,6,"1. Master\2. Data\py\test\scapy\layers"
"1. Master\2. Data\py\test\scapy\layers\llmnr.uts",File,6,"1. Master\2. Data\py\test\scapy\layers"
"1. Master\2. Data\py\test\scapy\layers\lltd.uts",File,6,"1. Master\2. Data\py\test\scapy\layers"
"1. Master\2. Data\py\test\scapy\layers\mgcp.uts",File,6,"1. Master\2. Data\py\test\scapy\layers"
"1. Master\2. Data\py\test\scapy\layers\mobileip.uts",File,6,"1. Master\2. Data\py\test\scapy\layers"
"1. Master\2. Data\py\test\scapy\layers\netbios.uts",File,6,"1. Master\2. Data\py\test\scapy\layers"
"1. Master\2. Data\py\test\scapy\layers\netflow.uts",File,6,"1. Master\2. Data\py\test\scapy\layers"
"1. Master\2. Data\py\test\scapy\layers\ntp.uts",File,6,"1. Master\2. Data\py\test\scapy\layers"
"1. Master\2. Data\py\test\scapy\layers\pflog.uts",File,6,"1. Master\2. Data\py\test\scapy\layers"
"1. Master\2. Data\py\test\scapy\layers\ppp.uts",File,6,"1. Master\2. Data\py\test\scapy\layers"
"1. Master\2. Data\py\test\scapy\layers\pptp.uts",File,6,"1. Master\2. Data\py\test\scapy\layers"
"1. Master\2. Data\py\test\scapy\layers\radius.uts",File,6,"1. Master\2. Data\py\test\scapy\layers"
"1. Master\2. Data\py\test\scapy\layers\rip.uts",File,6,"1. Master\2. Data\py\test\scapy\layers"
"1. Master\2. Data\py\test\scapy\layers\rtp.uts",File,6,"1. Master\2. Data\py\test\scapy\layers"
"1. Master\2. Data\py\test\scapy\layers\sctp.uts",File,6,"1. Master\2. Data\py\test\scapy\layers"
"1. Master\2. Data\py\test\scapy\layers\skinny.uts",File,6,"1. Master\2. Data\py\test\scapy\layers"
"1. Master\2. Data\py\test\scapy\layers\smb.uts",File,6,"1. Master\2. Data\py\test\scapy\layers"
"1. Master\2. Data\py\test\scapy\layers\smb2.uts",File,6,"1. Master\2. Data\py\test\scapy\layers"
"1. Master\2. Data\py\test\scapy\layers\snmp.uts",File,6,"1. Master\2. Data\py\test\scapy\layers"
"1. Master\2. Data\py\test\scapy\layers\tftp.uts",File,6,"1. Master\2. Data\py\test\scapy\layers"
"1. Master\2. Data\py\test\scapy\layers\usb.uts",File,6,"1. Master\2. Data\py\test\scapy\layers"
"1. Master\2. Data\py\test\scapy\layers\vrrp.uts",File,6,"1. Master\2. Data\py\test\scapy\layers"
"1. Master\2. Data\py\test\scapy\layers\vxlan.uts",File,6,"1. Master\2. Data\py\test\scapy\layers"
"1. Master\2. Data\py\test\scapy\layers\x509.uts",File,6,"1. Master\2. Data\py\test\scapy\layers"
"1. Master\2. Data\py\test\tls\pki",Folder,5,"1. Master\2. Data\py\test\tls"
"1. Master\2. Data\py\test\tls\__init__.py",File,5,"1. Master\2. Data\py\test\tls"
"1. Master\2. Data\py\test\tls\example_client.py",File,5,"1. Master\2. Data\py\test\tls"
"1. Master\2. Data\py\test\tls\example_server.py",File,5,"1. Master\2. Data\py\test\tls"
"1. Master\2. Data\py\test\tls\tests_tls_netaccess.uts",File,5,"1. Master\2. Data\py\test\tls"
"1. Master\2. Data\py\test\tls\pki\ca_cert.pem",File,6,"1. Master\2. Data\py\test\tls\pki"
"1. Master\2. Data\py\test\tls\pki\ca_key.pem",File,6,"1. Master\2. Data\py\test\tls\pki"
"1. Master\2. Data\py\test\tls\pki\cli_cert.pem",File,6,"1. Master\2. Data\py\test\tls\pki"
"1. Master\2. Data\py\test\tls\pki\cli_key.pem",File,6,"1. Master\2. Data\py\test\tls\pki"
"1. Master\2. Data\py\test\tls\pki\srv_cert.pem",File,6,"1. Master\2. Data\py\test\tls\pki"
"1. Master\2. Data\py\test\tls\pki\srv_key.pem",File,6,"1. Master\2. Data\py\test\tls\pki"
"1. Master\2. Data\py\test\tools\isotpscanner.uts",File,5,"1. Master\2. Data\py\test\tools"
"1. Master\2. Data\py\test\tools\obdscanner.uts",File,5,"1. Master\2. Data\py\test\tools"
"1. Master\2. Data\py\test\tools\xcpscanner.uts",File,5,"1. Master\2. Data\py\test\tools"
"1. Master\2. Data\tessdata\eng.traineddata",Folder,3,"1. Master\2. Data\tessdata"
"1. Master\2. Data\tessdata\eng.traineddata\eng.traineddata",File,4,"1. Master\2. Data\tessdata\eng.traineddata"
"2. Frontend\1. Source",Folder,1,"2. Frontend"
"2. Frontend\2. Icons",Folder,1,"2. Frontend"
"2. Frontend\3. DLL",Folder,1,"2. Frontend"
"2. Frontend\1. Source\assets",Folder,2,"2. Frontend\1. Source"
"2. Frontend\1. Source\css",Folder,2,"2. Frontend\1. Source"
"2. Frontend\1. Source\js",Folder,2,"2. Frontend\1. Source"
"2. Frontend\1. Source\.testcafe-electron-rc",File,2,"2. Frontend\1. Source"
"2. Frontend\1. Source\11f8f4390108e2dbbecc.eot",File,2,"2. Frontend\1. Source"
"2. Frontend\1. Source\1551f4f60c37af51121f106501f69b80.woff2",File,2,"2. Frontend\1. Source"
"2. Frontend\1. Source\1e8dd192f6a341566fed.svg",File,2,"2. Frontend\1. Source"
"2. Frontend\1. Source\2285773e6b4b172f07d9b777c81b0775.woff",File,2,"2. Frontend\1. Source"
"2. Frontend\1. Source\23f19bb08961f37aaf692ff943823453.eot",File,2,"2. Frontend\1. Source"
"2. Frontend\1. Source\2f517e09eb2ca6650ff5bec5a95157ab.svg",File,2,"2. Frontend\1. Source"
"2. Frontend\1. Source\35de2c9037c7da064e7b.eot",File,2,"2. Frontend\1. Source"
"2. Frontend\1. Source\3dfd3127e3794acab459.woff2",File,2,"2. Frontend\1. Source"
"2. Frontend\1. Source\3ffc98dcdae3fe1bc752.woff2",File,2,"2. Frontend\1. Source"
"2. Frontend\1. Source\4689f52cc96215721344e51e5831eec1.svg",File,2,"2. Frontend\1. Source"
"2. Frontend\1. Source\483f64f5a997c40908d9.ttf",File,2,"2. Frontend\1. Source"
"2. Frontend\1. Source\491974d108fe4002b2aaf7ffc48249a0.ttf",File,2,"2. Frontend\1. Source"
"2. Frontend\1. Source\4e09b22eab5a6ed18106.ttf",File,2,"2. Frontend\1. Source"
"2. Frontend\1. Source\527940b104eb2ea366c8630f3f038603.ttf",File,2,"2. Frontend\1. Source"
"2. Frontend\1. Source\52b3df9ff330c084ab27.woff",File,2,"2. Frontend\1. Source"
"2. Frontend\1. Source\5ffd502d51e48f2906b8.woff",File,2,"2. Frontend\1. Source"
"2. Frontend\1. Source\77206a6bb316fa0aded5083cc57f92b9.eot",File,2,"2. Frontend\1. Source"
"2. Frontend\1. Source\7a3337626410ca2f40718481c755640f.woff2",File,2,"2. Frontend\1. Source"
"2. Frontend\1. Source\7a8b4f130182d19a2d7c67d80c090397.svg",File,2,"2. Frontend\1. Source"
"2. Frontend\1. Source\95198603e4b3247e1a70.woff2",File,2,"2. Frontend\1. Source"
"2. Frontend\1. Source\9bbb245e67a133f6e486d8d2545e14a5.eot",File,2,"2. Frontend\1. Source"
"2. Frontend\1. Source\9ee3167f5dbdeaa1d0ac.ttf",File,2,"2. Frontend\1. Source"
"2. Frontend\1. Source\a32e68d9472b3557a6a2.woff",File,2,"2. Frontend\1. Source"
"2. Frontend\1. Source\app.global.css",File,2,"2. Frontend\1. Source"
"2. Frontend\1. Source\app.html",File,2,"2. Frontend\1. Source"
"2. Frontend\1. Source\app.icns",File,2,"2. Frontend\1. Source"
"2. Frontend\1. Source\bb58e57c48a3e911f15fa834ff00d44a.woff",File,2,"2. Frontend\1. Source"
"2. Frontend\1. Source\bd35285fb9ba36fffede.svg",File,2,"2. Frontend\1. Source"
"2. Frontend\1. Source\be9ee23c0c6390141475d519c2c5fb8f.ttf",File,2,"2. Frontend\1. Source"
"2. Frontend\1. Source\c66020adf2c225335d44.eot",File,2,"2. Frontend\1. Source"
"2. Frontend\1. Source\d30895b927a0eb92ca19.svg",File,2,"2. Frontend\1. Source"
"2. Frontend\1. Source\d878b0a6a1144760244ff0665888404c.woff2",File,2,"2. Frontend\1. Source"
"2. Frontend\1. Source\declarations.d.ts",File,2,"2. Frontend\1. Source"
"2. Frontend\1. Source\dev-app-update.yml",File,2,"2. Frontend\1. Source"
"2. Frontend\1. Source\eeccf4f66002c6f2ba24d3d22f2434c2.woff",File,2,"2. Frontend\1. Source"
"2. Frontend\1. Source\index.tsx",File,2,"2. Frontend\1. Source"
"2. Frontend\1. Source\main.dev.js",File,2,"2. Frontend\1. Source"
"2. Frontend\1. Source\main.prod.js",File,2,"2. Frontend\1. Source"
"2. Frontend\1. Source\main.prod.js.LICENSE.txt",File,2,"2. Frontend\1. Source"
"2. Frontend\1. Source\package-lock.json",File,2,"2. Frontend\1. Source"
"2. Frontend\1. Source\package.json",File,2,"2. Frontend\1. Source"
"2. Frontend\1. Source\renderer.dev.js",File,2,"2. Frontend\1. Source"
"2. Frontend\1. Source\yarn.lock",File,2,"2. Frontend\1. Source"
"2. Frontend\1. Source\assets\Trash",Folder,3,"2. Frontend\1. Source\assets"
"2. Frontend\1. Source\assets\85.png",File,3,"2. Frontend\1. Source\assets"
"2. Frontend\1. Source\assets\85down.png",File,3,"2. Frontend\1. Source\assets"
"2. Frontend\1. Source\assets\85up.png",File,3,"2. Frontend\1. Source\assets"
"2. Frontend\1. Source\assets\badgediscord.png",File,3,"2. Frontend\1. Source\assets"
"2. Frontend\1. Source\assets\badgedonate_dt.png",File,3,"2. Frontend\1. Source\assets"
"2. Frontend\1. Source\assets\badgedonate.png",File,3,"2. Frontend\1. Source\assets"
"2. Frontend\1. Source\assets\badgegithub.png",File,3,"2. Frontend\1. Source\assets"
"2. Frontend\1. Source\assets\bag_dt.png",File,3,"2. Frontend\1. Source\assets"
"2. Frontend\1. Source\assets\bag.png",File,3,"2. Frontend\1. Source\assets"
"2. Frontend\1. Source\assets\blackx.png",File,3,"2. Frontend\1. Source\assets"
"2. Frontend\1. Source\assets\blank.png",File,3,"2. Frontend\1. Source\assets"
"2. Frontend\1. Source\assets\classassassin.png",File,3,"2. Frontend\1. Source\assets"
"2. Frontend\1. Source\assets\classknight.png",File,3,"2. Frontend\1. Source\assets"
"2. Frontend\1. Source\assets\classmage.png",File,3,"2. Frontend\1. Source\assets"
"2. Frontend\1. Source\assets\classmanauser.png",File,3,"2. Frontend\1. Source\assets"
"2. Frontend\1. Source\assets\classranger.png",File,3,"2. Frontend\1. Source\assets"
"2. Frontend\1. Source\assets\classwarrior.png",File,3,"2. Frontend\1. Source\assets"
"2. Frontend\1. Source\assets\cm_icon_star_j.png",File,3,"2. Frontend\1. Source\assets"
"2. Frontend\1. Source\assets\coffee.png",File,3,"2. Frontend\1. Source\assets"
"2. Frontend\1. Source\assets\copy_dt.png",File,3,"2. Frontend\1. Source\assets"
"2. Frontend\1. Source\assets\copy.png",File,3,"2. Frontend\1. Source\assets"
"2. Frontend\1. Source\assets\cycle_dt.png",File,3,"2. Frontend\1. Source\assets"
"2. Frontend\1. Source\assets\cycle.png",File,3,"2. Frontend\1. Source\assets"
"2. Frontend\1. Source\assets\edit_dt.png",File,3,"2. Frontend\1. Source\assets"
"2. Frontend\1. Source\assets\edit.png",File,3,"2. Frontend\1. Source\assets"
"2. Frontend\1. Source\assets\elementdark.png",File,3,"2. Frontend\1. Source\assets"
"2. Frontend\1. Source\assets\elementearth.png",File,3,"2. Frontend\1. Source\assets"
"2. Frontend\1. Source\assets\elementfire.png",File,3,"2. Frontend\1. Source\assets"
"2. Frontend\1. Source\assets\elementice.png",File,3,"2. Frontend\1. Source\assets"
"2. Frontend\1. Source\assets\elementlight.png",File,3,"2. Frontend\1. Source\assets"
"2. Frontend\1. Source\assets\geararmor.png",File,3,"2. Frontend\1. Source\assets"
"2. Frontend\1. Source\assets\gearboots.png",File,3,"2. Frontend\1. Source\assets"
"2. Frontend\1. Source\assets\gearhelmet.png",File,3,"2. Frontend\1. Source\assets"
"2. Frontend\1. Source\assets\gearnecklace.png",File,3,"2. Frontend\1. Source\assets"
"2. Frontend\1. Source\assets\gearring.png",File,3,"2. Frontend\1. Source\assets"
"2. Frontend\1. Source\assets\gearweapon.png",File,3,"2. Frontend\1. Source\assets"
"2. Frontend\1. Source\assets\greater.png",File,3,"2. Frontend\1. Source\assets"
"2. Frontend\1. Source\assets\greateratk.png",File,3,"2. Frontend\1. Source\assets"
"2. Frontend\1. Source\assets\greateratkpercent.png",File,3,"2. Frontend\1. Source\assets"
"2. Frontend\1. Source\assets\greatercd.png",File,3,"2. Frontend\1. Source\assets"
"2. Frontend\1. Source\assets\greatercr.png",File,3,"2. Frontend\1. Source\assets"
"2. Frontend\1. Source\assets\greaterdef.png",File,3,"2. Frontend\1. Source\assets"
"2. Frontend\1. Source\assets\greaterdefpercent.png",File,3,"2. Frontend\1. Source\assets"
"2. Frontend\1. Source\assets\greatereff.png",File,3,"2. Frontend\1. Source\assets"
"2. Frontend\1. Source\assets\greaterhp.png",File,3,"2. Frontend\1. Source\assets"
"2. Frontend\1. Source\assets\greaterhppercent.png",File,3,"2. Frontend\1. Source\assets"
"2. Frontend\1. Source\assets\greaterres.png",File,3,"2. Frontend\1. Source\assets"
"2. Frontend\1. Source\assets\greaterspeed.png",File,3,"2. Frontend\1. Source\assets"
"2. Frontend\1. Source\assets\imprintA.png",File,3,"2. Frontend\1. Source\assets"
"2. Frontend\1. Source\assets\imprintB.png",File,3,"2. Frontend\1. Source\assets"
"2. Frontend\1. Source\assets\imprintC.png",File,3,"2. Frontend\1. Source\assets"
"2. Frontend\1. Source\assets\imprintD.png",File,3,"2. Frontend\1. Source\assets"
"2. Frontend\1. Source\assets\imprintS.png",File,3,"2. Frontend\1. Source\assets"
"2. Frontend\1. Source\assets\imprintSS.png",File,3,"2. Frontend\1. Source\assets"
"2. Frontend\1. Source\assets\imprintSSS.png",File,3,"2. Frontend\1. Source\assets"
"2. Frontend\1. Source\assets\lesser.png",File,3,"2. Frontend\1. Source\assets"
"2. Frontend\1. Source\assets\lesseratk.png",File,3,"2. Frontend\1. Source\assets"
"2. Frontend\1. Source\assets\lesseratkpercent.png",File,3,"2. Frontend\1. Source\assets"
"2. Frontend\1. Source\assets\lessercd.png",File,3,"2. Frontend\1. Source\assets"
"2. Frontend\1. Source\assets\lessercr.png",File,3,"2. Frontend\1. Source\assets"
"2. Frontend\1. Source\assets\lesserdef.png",File,3,"2. Frontend\1. Source\assets"
"2. Frontend\1. Source\assets\lesserdefpercent.png",File,3,"2. Frontend\1. Source\assets"
"2. Frontend\1. Source\assets\lessereff.png",File,3,"2. Frontend\1. Source\assets"
"2. Frontend\1. Source\assets\lesserhp.png",File,3,"2. Frontend\1. Source\assets"
"2. Frontend\1. Source\assets\lesserhppercent.png",File,3,"2. Frontend\1. Source\assets"
"2. Frontend\1. Source\assets\lesserres.png",File,3,"2. Frontend\1. Source\assets"
"2. Frontend\1. Source\assets\lesserspeed.png",File,3,"2. Frontend\1. Source\assets"
"2. Frontend\1. Source\assets\link.png",File,3,"2. Frontend\1. Source\assets"
"2. Frontend\1. Source\assets\locate_dt.png",File,3,"2. Frontend\1. Source\assets"
"2. Frontend\1. Source\assets\locate.png",File,3,"2. Frontend\1. Source\assets"
"2. Frontend\1. Source\assets\lock_dt.png",File,3,"2. Frontend\1. Source\assets"
"2. Frontend\1. Source\assets\lock.png",File,3,"2. Frontend\1. Source\assets"
"2. Frontend\1. Source\assets\magnify_dt.png",File,3,"2. Frontend\1. Source\assets"
"2. Frontend\1. Source\assets\magnify.png",File,3,"2. Frontend\1. Source\assets"
"2. Frontend\1. Source\assets\night.png",File,3,"2. Frontend\1. Source\assets"
"2. Frontend\1. Source\assets\night2.png",File,3,"2. Frontend\1. Source\assets"
"2. Frontend\1. Source\assets\pct.png",File,3,"2. Frontend\1. Source\assets"
"2. Frontend\1. Source\assets\plus0.png",File,3,"2. Frontend\1. Source\assets"
"2. Frontend\1. Source\assets\plus12.png",File,3,"2. Frontend\1. Source\assets"
"2. Frontend\1. Source\assets\plus15.png",File,3,"2. Frontend\1. Source\assets"
"2. Frontend\1. Source\assets\plus3.png",File,3,"2. Frontend\1. Source\assets"
"2. Frontend\1. Source\assets\plus6.png",File,3,"2. Frontend\1. Source\assets"
"2. Frontend\1. Source\assets\plus9.png",File,3,"2. Frontend\1. Source\assets"
"2. Frontend\1. Source\assets\reforge_dt.png",File,3,"2. Frontend\1. Source\assets"
"2. Frontend\1. Source\assets\reforge.png",File,3,"2. Frontend\1. Source\assets"
"2. Frontend\1. Source\assets\reforgeA.png",File,3,"2. Frontend\1. Source\assets"
"2. Frontend\1. Source\assets\reforgeB.png",File,3,"2. Frontend\1. Source\assets"
"2. Frontend\1. Source\assets\reforgeC.png",File,3,"2. Frontend\1. Source\assets"
"2. Frontend\1. Source\assets\reforgeConversion.png",File,3,"2. Frontend\1. Source\assets"
"2. Frontend\1. Source\assets\reforgeG.png",File,3,"2. Frontend\1. Source\assets"
"2. Frontend\1. Source\assets\reforgeOtherworld.png",File,3,"2. Frontend\1. Source\assets"
"2. Frontend\1. Source\assets\reforgeW.png",File,3,"2. Frontend\1. Source\assets"
"2. Frontend\1. Source\assets\setattack.png",File,3,"2. Frontend\1. Source\assets"
"2. Frontend\1. Source\assets\setblock.png",File,3,"2. Frontend\1. Source\assets"
"2. Frontend\1. Source\assets\setcounter.png",File,3,"2. Frontend\1. Source\assets"
"2. Frontend\1. Source\assets\setcritical.png",File,3,"2. Frontend\1. Source\assets"
"2. Frontend\1. Source\assets\setdefense.png",File,3,"2. Frontend\1. Source\assets"
"2. Frontend\1. Source\assets\setdestruction.png",File,3,"2. Frontend\1. Source\assets"
"2. Frontend\1. Source\assets\setheal.png",File,3,"2. Frontend\1. Source\assets"
"2. Frontend\1. Source\assets\sethealth.png",File,3,"2. Frontend\1. Source\assets"
"2. Frontend\1. Source\assets\sethit.png",File,3,"2. Frontend\1. Source\assets"
"2. Frontend\1. Source\assets\setimmunity.png",File,3,"2. Frontend\1. Source\assets"
"2. Frontend\1. Source\assets\setinjury.png",File,3,"2. Frontend\1. Source\assets"
"2. Frontend\1. Source\assets\setlifesteal.png",File,3,"2. Frontend\1. Source\assets"
"2. Frontend\1. Source\assets\setpenetration.png",File,3,"2. Frontend\1. Source\assets"
"2. Frontend\1. Source\assets\setprotection.png",File,3,"2. Frontend\1. Source\assets"
"2. Frontend\1. Source\assets\setpursuit.png",File,3,"2. Frontend\1. Source\assets"
"2. Frontend\1. Source\assets\setrage.png",File,3,"2. Frontend\1. Source\assets"
"2. Frontend\1. Source\assets\setresist.png",File,3,"2. Frontend\1. Source\assets"
"2. Frontend\1. Source\assets\setrevenge.png",File,3,"2. Frontend\1. Source\assets"
"2. Frontend\1. Source\assets\setreversal.png",File,3,"2. Frontend\1. Source\assets"
"2. Frontend\1. Source\assets\setriposte.png",File,3,"2. Frontend\1. Source\assets"
"2. Frontend\1. Source\assets\setspeed.png",File,3,"2. Frontend\1. Source\assets"
"2. Frontend\1. Source\assets\settorrent.png",File,3,"2. Frontend\1. Source\assets"
"2. Frontend\1. Source\assets\setunity.png",File,3,"2. Frontend\1. Source\assets"
"2. Frontend\1. Source\assets\setwarfare.png",File,3,"2. Frontend\1. Source\assets"
"2. Frontend\1. Source\assets\star_dt.png",File,3,"2. Frontend\1. Source\assets"
"2. Frontend\1. Source\assets\star.png",File,3,"2. Frontend\1. Source\assets"
"2. Frontend\1. Source\assets\statatk_dt.png",File,3,"2. Frontend\1. Source\assets"
"2. Frontend\1. Source\assets\statatk.png",File,3,"2. Frontend\1. Source\assets"
"2. Frontend\1. Source\assets\statatk2.png",File,3,"2. Frontend\1. Source\assets"
"2. Frontend\1. Source\assets\statatkdark.png",File,3,"2. Frontend\1. Source\assets"
"2. Frontend\1. Source\assets\statatkpercent_dt.png",File,3,"2. Frontend\1. Source\assets"
"2. Frontend\1. Source\assets\statatkpercentdark.png",File,3,"2. Frontend\1. Source\assets"
"2. Frontend\1. Source\assets\statcd_dt.png",File,3,"2. Frontend\1. Source\assets"
"2. Frontend\1. Source\assets\statcd.png",File,3,"2. Frontend\1. Source\assets"
"2. Frontend\1. Source\assets\statcddark.png",File,3,"2. Frontend\1. Source\assets"
"2. Frontend\1. Source\assets\statcr_dt.png",File,3,"2. Frontend\1. Source\assets"
"2. Frontend\1. Source\assets\statcr.png",File,3,"2. Frontend\1. Source\assets"
"2. Frontend\1. Source\assets\statcrdark.png",File,3,"2. Frontend\1. Source\assets"
"2. Frontend\1. Source\assets\statdef_dt.png",File,3,"2. Frontend\1. Source\assets"
"2. Frontend\1. Source\assets\statdef.png",File,3,"2. Frontend\1. Source\assets"
"2. Frontend\1. Source\assets\statdefdark.png",File,3,"2. Frontend\1. Source\assets"
"2. Frontend\1. Source\assets\statdefpercent_dt.png",File,3,"2. Frontend\1. Source\assets"
"2. Frontend\1. Source\assets\statdefpercentdark.png",File,3,"2. Frontend\1. Source\assets"
"2. Frontend\1. Source\assets\stateff_dt.png",File,3,"2. Frontend\1. Source\assets"
"2. Frontend\1. Source\assets\stateffdark.png",File,3,"2. Frontend\1. Source\assets"
"2. Frontend\1. Source\assets\stathp_dt.png",File,3,"2. Frontend\1. Source\assets"
"2. Frontend\1. Source\assets\stathp.png",File,3,"2. Frontend\1. Source\assets"
"2. Frontend\1. Source\assets\stathpdark.png",File,3,"2. Frontend\1. Source\assets"
"2. Frontend\1. Source\assets\stathppercent_dt.png",File,3,"2. Frontend\1. Source\assets"
"2. Frontend\1. Source\assets\stathppercentdark.png",File,3,"2. Frontend\1. Source\assets"
"2. Frontend\1. Source\assets\statres_dt.png",File,3,"2. Frontend\1. Source\assets"
"2. Frontend\1. Source\assets\statres.png",File,3,"2. Frontend\1. Source\assets"
"2. Frontend\1. Source\assets\statresdark.png",File,3,"2. Frontend\1. Source\assets"
"2. Frontend\1. Source\assets\statspd_dt.png",File,3,"2. Frontend\1. Source\assets"
"2. Frontend\1. Source\assets\statspd.png",File,3,"2. Frontend\1. Source\assets"
"2. Frontend\1. Source\assets\statspddark.png",File,3,"2. Frontend\1. Source\assets"
"2. Frontend\1. Source\assets\storage_dt.png",File,3,"2. Frontend\1. Source\assets"
"2. Frontend\1. Source\assets\storage.png",File,3,"2. Frontend\1. Source\assets"
"2. Frontend\1. Source\assets\sunny.png",File,3,"2. Frontend\1. Source\assets"
"2. Frontend\1. Source\assets\tooltip_dt.png",File,3,"2. Frontend\1. Source\assets"
"2. Frontend\1. Source\assets\tooltip.png",File,3,"2. Frontend\1. Source\assets"
"2. Frontend\1. Source\assets\trash_dt.png",File,3,"2. Frontend\1. Source\assets"
"2. Frontend\1. Source\assets\trash.png",File,3,"2. Frontend\1. Source\assets"
"2. Frontend\1. Source\assets\unequipped_dt.png",File,3,"2. Frontend\1. Source\assets"
"2. Frontend\1. Source\assets\unequipped.png",File,3,"2. Frontend\1. Source\assets"
"2. Frontend\1. Source\assets\Trash\Fira_Sans_Condensed",Folder,4,"2. Frontend\1. Source\assets\Trash"
"2. Frontend\1. Source\assets\Trash\Fira_Sans_Condensed\FiraSansCondensed-Black.ttf",File,5,"2. Frontend\1. Source\assets\Trash\Fira_Sans_Condensed"
"2. Frontend\1. Source\assets\Trash\Fira_Sans_Condensed\FiraSansCondensed-BlackItalic.ttf",File,5,"2. Frontend\1. Source\assets\Trash\Fira_Sans_Condensed"
"2. Frontend\1. Source\assets\Trash\Fira_Sans_Condensed\FiraSansCondensed-Bold.ttf",File,5,"2. Frontend\1. Source\assets\Trash\Fira_Sans_Condensed"
"2. Frontend\1. Source\assets\Trash\Fira_Sans_Condensed\FiraSansCondensed-BoldItalic.ttf",File,5,"2. Frontend\1. Source\assets\Trash\Fira_Sans_Condensed"
"2. Frontend\1. Source\assets\Trash\Fira_Sans_Condensed\FiraSansCondensed-ExtraBold.ttf",File,5,"2. Frontend\1. Source\assets\Trash\Fira_Sans_Condensed"
"2. Frontend\1. Source\assets\Trash\Fira_Sans_Condensed\FiraSansCondensed-ExtraBoldItalic.ttf",File,5,"2. Frontend\1. Source\assets\Trash\Fira_Sans_Condensed"
"2. Frontend\1. Source\assets\Trash\Fira_Sans_Condensed\FiraSansCondensed-ExtraLight.ttf",File,5,"2. Frontend\1. Source\assets\Trash\Fira_Sans_Condensed"
"2. Frontend\1. Source\assets\Trash\Fira_Sans_Condensed\FiraSansCondensed-ExtraLightItalic.ttf",File,5,"2. Frontend\1. Source\assets\Trash\Fira_Sans_Condensed"
"2. Frontend\1. Source\assets\Trash\Fira_Sans_Condensed\FiraSansCondensed-Italic.ttf",File,5,"2. Frontend\1. Source\assets\Trash\Fira_Sans_Condensed"
"2. Frontend\1. Source\assets\Trash\Fira_Sans_Condensed\FiraSansCondensed-Light.ttf",File,5,"2. Frontend\1. Source\assets\Trash\Fira_Sans_Condensed"
"2. Frontend\1. Source\assets\Trash\Fira_Sans_Condensed\FiraSansCondensed-LightItalic.ttf",File,5,"2. Frontend\1. Source\assets\Trash\Fira_Sans_Condensed"
"2. Frontend\1. Source\assets\Trash\Fira_Sans_Condensed\FiraSansCondensed-Medium.ttf",File,5,"2. Frontend\1. Source\assets\Trash\Fira_Sans_Condensed"
"2. Frontend\1. Source\assets\Trash\Fira_Sans_Condensed\FiraSansCondensed-MediumItalic.ttf",File,5,"2. Frontend\1. Source\assets\Trash\Fira_Sans_Condensed"
"2. Frontend\1. Source\assets\Trash\Fira_Sans_Condensed\FiraSansCondensed-Regular.ttf",File,5,"2. Frontend\1. Source\assets\Trash\Fira_Sans_Condensed"
"2. Frontend\1. Source\assets\Trash\Fira_Sans_Condensed\FiraSansCondensed-SemiBold.ttf",File,5,"2. Frontend\1. Source\assets\Trash\Fira_Sans_Condensed"
"2. Frontend\1. Source\assets\Trash\Fira_Sans_Condensed\FiraSansCondensed-SemiBoldItalic.ttf",File,5,"2. Frontend\1. Source\assets\Trash\Fira_Sans_Condensed"
"2. Frontend\1. Source\assets\Trash\Fira_Sans_Condensed\FiraSansCondensed-Thin.ttf",File,5,"2. Frontend\1. Source\assets\Trash\Fira_Sans_Condensed"
"2. Frontend\1. Source\assets\Trash\Fira_Sans_Condensed\FiraSansCondensed-ThinItalic.ttf",File,5,"2. Frontend\1. Source\assets\Trash\Fira_Sans_Condensed"
"2. Frontend\1. Source\assets\Trash\Fira_Sans_Condensed\OFL.txt",File,5,"2. Frontend\1. Source\assets\Trash\Fira_Sans_Condensed"
"2. Frontend\1. Source\css\CSS Trash",Folder,3,"2. Frontend\1. Source\css"
"2. Frontend\1. Source\css\awn.css",File,3,"2. Frontend\1. Source\css"
"2. Frontend\1. Source\css\chosen-sprite.png",File,3,"2. Frontend\1. Source\css"
"2. Frontend\1. Source\css\chosen-sprite@2x.png",File,3,"2. Frontend\1. Source\css"
"2. Frontend\1. Source\css\chosen.css",File,3,"2. Frontend\1. Source\css"
"2. Frontend\1. Source\css\darktheme.css",File,3,"2. Frontend\1. Source\css"
"2. Frontend\1. Source\css\rangeslider.css",File,3,"2. Frontend\1. Source\css"
"2. Frontend\1. Source\css\style.css",File,3,"2. Frontend\1. Source\css"
"2. Frontend\1. Source\js\JS Trash",Folder,3,"2. Frontend\1. Source\js"
"2. Frontend\1. Source\js\lib",Folder,3,"2. Frontend\1. Source\js"
"2. Frontend\1. Source\js\lib\data",Folder,4,"2. Frontend\1. Source\js\lib"
"2. Frontend\1. Source\js\lib\filters",Folder,4,"2. Frontend\1. Source\js\lib"
"2. Frontend\1. Source\js\lib\gear",Folder,4,"2. Frontend\1. Source\js\lib"
"2. Frontend\1. Source\js\lib\grids",Folder,4,"2. Frontend\1. Source\js\lib"
"2. Frontend\1. Source\js\lib\i18n",Folder,4,"2. Frontend\1. Source\js\lib"
"2. Frontend\1. Source\js\lib\models",Folder,4,"2. Frontend\1. Source\js\lib"
"2. Frontend\1. Source\js\lib\renderer",Folder,4,"2. Frontend\1. Source\js\lib"
"2. Frontend\1. Source\js\lib\scoring",Folder,4,"2. Frontend\1. Source\js\lib"
"2. Frontend\1. Source\js\lib\services",Folder,4,"2. Frontend\1. Source\js\lib"
"2. Frontend\1. Source\js\lib\tabs",Folder,4,"2. Frontend\1. Source\js\lib"
"2. Frontend\1. Source\js\lib\ui",Folder,4,"2. Frontend\1. Source\js\lib"
"2. Frontend\1. Source\js\lib\constants.js",File,4,"2. Frontend\1. Source\js\lib"
"2. Frontend\1. Source\js\lib\enums.js",File,4,"2. Frontend\1. Source\js\lib"
"2. Frontend\1. Source\js\lib\files.js",File,4,"2. Frontend\1. Source\js\lib"
"2. Frontend\1. Source\js\lib\globals.d.ts",File,4,"2. Frontend\1. Source\js\lib"
"2. Frontend\1. Source\js\lib\init.js",File,4,"2. Frontend\1. Source\js\lib"
"2. Frontend\1. Source\js\lib\inputHandler.js",File,4,"2. Frontend\1. Source\js\lib"
"2. Frontend\1. Source\js\lib\logger.js",File,4,"2. Frontend\1. Source\js\lib"
"2. Frontend\1. Source\js\lib\utils.js",File,4,"2. Frontend\1. Source\js\lib"
"2. Frontend\1. Source\js\lib\data\importer.js",File,5,"2. Frontend\1. Source\js\lib\data"
"2. Frontend\1. Source\js\lib\data\saves.js",File,5,"2. Frontend\1. Source\js\lib\data"
"2. Frontend\1. Source\js\lib\data\scanner.js",File,5,"2. Frontend\1. Source\js\lib\data"
"2. Frontend\1. Source\js\lib\filters\forceFilter.js",File,5,"2. Frontend\1. Source\js\lib\filters"
"2. Frontend\1. Source\js\lib\filters\locator.js",File,5,"2. Frontend\1. Source\js\lib\filters"
"2. Frontend\1. Source\js\lib\filters\modificationFilter.js",File,5,"2. Frontend\1. Source\js\lib\filters"
"2. Frontend\1. Source\js\lib\gear\archetypeScorer.js",File,5,"2. Frontend\1. Source\js\lib\gear"
"2. Frontend\1. Source\js\lib\gear\archetypeStore.js",File,5,"2. Frontend\1. Source\js\lib\gear"
"2. Frontend\1. Source\js\lib\gear\defaultArchetypes.js",File,5,"2. Frontend\1. Source\js\lib\gear"
"2. Frontend\1. Source\js\lib\gear\flatStatCalibration.js",File,5,"2. Frontend\1. Source\js\lib\gear"
"2. Frontend\1. Source\js\lib\gear\gearRating.js",File,5,"2. Frontend\1. Source\js\lib\gear"
"2. Frontend\1. Source\js\lib\gear\heroGearMatcher.js",File,5,"2. Frontend\1. Source\js\lib\gear"
"2. Frontend\1. Source\js\lib\gear\itemAugmenter.js",File,5,"2. Frontend\1. Source\js\lib\gear"
"2. Frontend\1. Source\js\lib\gear\itemSerializer.js",File,5,"2. Frontend\1. Source\js\lib\gear"
"2. Frontend\1. Source\js\lib\gear\itemSimulator.js",File,5,"2. Frontend\1. Source\js\lib\gear"
"2. Frontend\1. Source\js\lib\gear\mainStatFixer.js",File,5,"2. Frontend\1. Source\js\lib\gear"
"2. Frontend\1. Source\js\lib\gear\priorityFilter.js",File,5,"2. Frontend\1. Source\js\lib\gear"
"2. Frontend\1. Source\js\lib\gear\reforge.js",File,5,"2. Frontend\1. Source\js\lib\gear"
"2. Frontend\1. Source\js\lib\gear\reforgeConstants.js",File,5,"2. Frontend\1. Source\js\lib\gear"
"2. Frontend\1. Source\js\lib\gear\rollDivisors.js",File,5,"2. Frontend\1. Source\js\lib\gear"
"2. Frontend\1. Source\js\lib\grids\heroesGrid.js",File,5,"2. Frontend\1. Source\js\lib\grids"
"2. Frontend\1. Source\js\lib\grids\itemsGrid.js",File,5,"2. Frontend\1. Source\js\lib\grids"
"2. Frontend\1. Source\js\lib\grids\optimizerGrid.js",File,5,"2. Frontend\1. Source\js\lib\grids"
"2. Frontend\1. Source\js\lib\i18n\i18n.js",File,5,"2. Frontend\1. Source\js\lib\i18n"
"2. Frontend\1. Source\js\lib\models\item.js",File,5,"2. Frontend\1. Source\js\lib\models"
"2. Frontend\1. Source\js\lib\models\optimizationRequest.js",File,5,"2. Frontend\1. Source\js\lib\models"
"2. Frontend\1. Source\js\lib\models\stat.js",File,5,"2. Frontend\1. Source\js\lib\models"
"2. Frontend\1. Source\js\lib\renderer\gridRenderer.js",File,5,"2. Frontend\1. Source\js\lib\renderer"
"2. Frontend\1. Source\js\lib\services\api.js",File,5,"2. Frontend\1. Source\js\lib\services"
"2. Frontend\1. Source\js\lib\services\artifact.js",File,5,"2. Frontend\1. Source\js\lib\services"
"2. Frontend\1. Source\js\lib\services\damageCalc.js",File,5,"2. Frontend\1. Source\js\lib\services"
"2. Frontend\1. Source\js\lib\services\heroData.js",File,5,"2. Frontend\1. Source\js\lib\services"
"2. Frontend\1. Source\js\lib\services\subprocess.js",File,5,"2. Frontend\1. Source\js\lib\services"
"2. Frontend\1. Source\js\lib\tabs\archetypeTab.js",File,5,"2. Frontend\1. Source\js\lib\tabs"
"2. Frontend\1. Source\js\lib\tabs\enhancingTab.js",File,5,"2. Frontend\1. Source\js\lib\tabs"
"2. Frontend\1. Source\js\lib\tabs\heroesTab.js",File,5,"2. Frontend\1. Source\js\lib\tabs"
"2. Frontend\1. Source\js\lib\tabs\importerTab.js",File,5,"2. Frontend\1. Source\js\lib\tabs"
"2. Frontend\1. Source\js\lib\tabs\itemsTab.js",File,5,"2. Frontend\1. Source\js\lib\tabs"
"2. Frontend\1. Source\js\lib\tabs\multiOptimizerTab.js",File,5,"2. Frontend\1. Source\js\lib\tabs"
"2. Frontend\1. Source\js\lib\tabs\optimizerTab.js",File,5,"2. Frontend\1. Source\js\lib\tabs"
"2. Frontend\1. Source\js\lib\ui\assets.js",File,5,"2. Frontend\1. Source\js\lib\ui"
"2. Frontend\1. Source\js\lib\ui\colorPicker.js",File,5,"2. Frontend\1. Source\js\lib\ui"
"2. Frontend\1. Source\js\lib\ui\darkmode.js",File,5,"2. Frontend\1. Source\js\lib\ui"
"2. Frontend\1. Source\js\lib\ui\dialog.js",File,5,"2. Frontend\1. Source\js\lib\ui"
"2. Frontend\1. Source\js\lib\ui\htmlGenerator.js",File,5,"2. Frontend\1. Source\js\lib\ui"
"2. Frontend\1. Source\js\lib\ui\notifier.js",File,5,"2. Frontend\1. Source\js\lib\ui"
"2. Frontend\1. Source\js\lib\ui\selectors.js",File,5,"2. Frontend\1. Source\js\lib\ui"
"2. Frontend\1. Source\js\lib\ui\settings.js",File,5,"2. Frontend\1. Source\js\lib\ui"
"2. Frontend\1. Source\js\lib\ui\statPreview.js",File,5,"2. Frontend\1. Source\js\lib\ui"
"2. Frontend\1. Source\js\lib\ui\tooltip.js",File,5,"2. Frontend\1. Source\js\lib\ui"
"2. Frontend\1. Source\js\lib\ui\updater.js",File,5,"2. Frontend\1. Source\js\lib\ui"
"2. Frontend\2. Icons\icons",Folder,2,"2. Frontend\2. Icons"
"2. Frontend\2. Icons\icon.icns",File,2,"2. Frontend\2. Icons"
"2. Frontend\2. Icons\icon.ico",File,2,"2. Frontend\2. Icons"
"2. Frontend\2. Icons\icon.png",File,2,"2. Frontend\2. Icons"
"2. Frontend\2. Icons\icons\1024x1024.png",File,3,"2. Frontend\2. Icons\icons"
"2. Frontend\2. Icons\icons\128x128.png",File,3,"2. Frontend\2. Icons\icons"
"2. Frontend\2. Icons\icons\16x16.png",File,3,"2. Frontend\2. Icons\icons"
"2. Frontend\2. Icons\icons\24x24.png",File,3,"2. Frontend\2. Icons\icons"
"2. Frontend\2. Icons\icons\256x256.png",File,3,"2. Frontend\2. Icons\icons"
"2. Frontend\2. Icons\icons\32x32.png",File,3,"2. Frontend\2. Icons\icons"
"2. Frontend\2. Icons\icons\48x48.png",File,3,"2. Frontend\2. Icons\icons"
"2. Frontend\2. Icons\icons\512x512.png",File,3,"2. Frontend\2. Icons\icons"
"2. Frontend\2. Icons\icons\64x64.png",File,3,"2. Frontend\2. Icons\icons"
"2. Frontend\2. Icons\icons\96x96.png",File,3,"2. Frontend\2. Icons\icons"
"2. Frontend\3. DLL\renderer.dev.dll.js",File,2,"2. Frontend\3. DLL"
"2. Frontend\3. DLL\renderer.json",File,2,"2. Frontend\3. DLL"
"3. Backend\1. Source",Folder,1,"3. Backend"
"3. Backend\2. Maven",Folder,1,"3. Backend"
"3. Backend\1. Source\.idea",Folder,2,"3. Backend\1. Source"
"3. Backend\1. Source\.settings",Folder,2,"3. Backend\1. Source"
"3. Backend\1. Source\src",Folder,2,"3. Backend\1. Source"
"3. Backend\1. Source\target",Folder,2,"3. Backend\1. Source"
"3. Backend\1. Source\tst",Folder,2,"3. Backend\1. Source"
"3. Backend\1. Source\Gear.iml",File,2,"3. Backend\1. Source"
"3. Backend\1. Source\pom.xml",File,2,"3. Backend\1. Source"
"3. Backend\1. Source\.idea\artifacts",Folder,3,"3. Backend\1. Source\.idea"
"3. Backend\1. Source\.idea\inspectionProfiles",Folder,3,"3. Backend\1. Source\.idea"
"3. Backend\1. Source\.idea\libraries",Folder,3,"3. Backend\1. Source\.idea"
"3. Backend\1. Source\.idea\backend.iml",File,3,"3. Backend\1. Source\.idea"
"3. Backend\1. Source\.idea\compiler.xml",File,3,"3. Backend\1. Source\.idea"
"3. Backend\1. Source\.idea\jarRepositories.xml",File,3,"3. Backend\1. Source\.idea"
"3. Backend\1. Source\.idea\misc.xml",File,3,"3. Backend\1. Source\.idea"
"3. Backend\1. Source\.idea\modules.xml",File,3,"3. Backend\1. Source\.idea"
"3. Backend\1. Source\.idea\vcs.xml",File,3,"3. Backend\1. Source\.idea"
"3. Backend\1. Source\.idea\artifacts\backend_jar.xml",File,4,"3. Backend\1. Source\.idea\artifacts"
"3. Backend\1. Source\.idea\inspectionProfiles\Project_Default.xml",File,4,"3. Backend\1. Source\.idea\inspectionProfiles"
"3. Backend\1. Source\.idea\libraries\Maven__com_aparapi_aparapi_3_0_0.xml",File,4,"3. Backend\1. Source\.idea\libraries"
"3. Backend\1. Source\.idea\libraries\Maven__com_aparapi_aparapi_jni_1_4_3.xml",File,4,"3. Backend\1. Source\.idea\libraries"
"3. Backend\1. Source\.idea\libraries\Maven__com_fasterxml_jackson_jr_jackson_jr_all_2_12_0_rc1.xml",File,4,"3. Backend\1. Source\.idea\libraries"
"3. Backend\1. Source\.idea\libraries\Maven__com_google_code_findbugs_jsr305_1_3_9.xml",File,4,"3. Backend\1. Source\.idea\libraries"
"3. Backend\1. Source\.idea\libraries\Maven__com_google_code_gson_gson_2_8_6.xml",File,4,"3. Backend\1. Source\.idea\libraries"
"3. Backend\1. Source\.idea\libraries\Maven__com_google_errorprone_error_prone_annotations_2_0_18.xml",File,4,"3. Backend\1. Source\.idea\libraries"
"3. Backend\1. Source\.idea\libraries\Maven__com_google_guava_guava_22_0.xml",File,4,"3. Backend\1. Source\.idea\libraries"
"3. Backend\1. Source\.idea\libraries\Maven__com_google_j2objc_j2objc_annotations_1_1.xml",File,4,"3. Backend\1. Source\.idea\libraries"
"3. Backend\1. Source\.idea\libraries\Maven__commons_collections_commons_collections_3_2_1.xml",File,4,"3. Backend\1. Source\.idea\libraries"
"3. Backend\1. Source\.idea\libraries\Maven__commons_io_commons_io_2_7.xml",File,4,"3. Backend\1. Source\.idea\libraries"
"3. Backend\1. Source\.idea\libraries\Maven__org_apache_bcel_bcel_6_5_0.xml",File,4,"3. Backend\1. Source\.idea\libraries"
"3. Backend\1. Source\.idea\libraries\Maven__org_apache_commons_commons_lang3_3_1.xml",File,4,"3. Backend\1. Source\.idea\libraries"
"3. Backend\1. Source\.idea\libraries\Maven__org_apiguardian_apiguardian_api_1_1_0.xml",File,4,"3. Backend\1. Source\.idea\libraries"
"3. Backend\1. Source\.idea\libraries\Maven__org_bytedeco_javacpp_1_5_4.xml",File,4,"3. Backend\1. Source\.idea\libraries"
"3. Backend\1. Source\.idea\libraries\Maven__org_bytedeco_javacpp_android_arm_1_5_4.xml",File,4,"3. Backend\1. Source\.idea\libraries"
"3. Backend\1. Source\.idea\libraries\Maven__org_bytedeco_javacpp_android_arm64_1_5_4.xml",File,4,"3. Backend\1. Source\.idea\libraries"
"3. Backend\1. Source\.idea\libraries\Maven__org_bytedeco_javacpp_android_x86_1_5_4.xml",File,4,"3. Backend\1. Source\.idea\libraries"
"3. Backend\1. Source\.idea\libraries\Maven__org_bytedeco_javacpp_android_x86_64_1_5_4.xml",File,4,"3. Backend\1. Source\.idea\libraries"
"3. Backend\1. Source\.idea\libraries\Maven__org_bytedeco_javacpp_ios_arm64_1_5_4.xml",File,4,"3. Backend\1. Source\.idea\libraries"
"3. Backend\1. Source\.idea\libraries\Maven__org_bytedeco_javacpp_ios_x86_64_1_5_4.xml",File,4,"3. Backend\1. Source\.idea\libraries"
"3. Backend\1. Source\.idea\libraries\Maven__org_bytedeco_javacpp_linux_arm64_1_5_4.xml",File,4,"3. Backend\1. Source\.idea\libraries"
"3. Backend\1. Source\.idea\libraries\Maven__org_bytedeco_javacpp_linux_armhf_1_5_4.xml",File,4,"3. Backend\1. Source\.idea\libraries"
"3. Backend\1. Source\.idea\libraries\Maven__org_bytedeco_javacpp_linux_ppc64le_1_5_4.xml",File,4,"3. Backend\1. Source\.idea\libraries"
"3. Backend\1. Source\.idea\libraries\Maven__org_bytedeco_javacpp_linux_x86_1_5_4.xml",File,4,"3. Backend\1. Source\.idea\libraries"
"3. Backend\1. Source\.idea\libraries\Maven__org_bytedeco_javacpp_linux_x86_64_1_5_4.xml",File,4,"3. Backend\1. Source\.idea\libraries"
"3. Backend\1. Source\.idea\libraries\Maven__org_bytedeco_javacpp_macosx_x86_64_1_5_4.xml",File,4,"3. Backend\1. Source\.idea\libraries"
"3. Backend\1. Source\.idea\libraries\Maven__org_bytedeco_javacpp_platform_1_5_4.xml",File,4,"3. Backend\1. Source\.idea\libraries"
"3. Backend\1. Source\.idea\libraries\Maven__org_bytedeco_javacpp_windows_x86_1_5_4.xml",File,4,"3. Backend\1. Source\.idea\libraries"
"3. Backend\1. Source\.idea\libraries\Maven__org_bytedeco_javacpp_windows_x86_64_1_5_4.xml",File,4,"3. Backend\1. Source\.idea\libraries"
"3. Backend\1. Source\.idea\libraries\Maven__org_bytedeco_leptonica_1_80_0_1_5_4.xml",File,4,"3. Backend\1. Source\.idea\libraries"
"3. Backend\1. Source\.idea\libraries\Maven__org_bytedeco_leptonica_android_arm_1_80_0_1_5_4.xml",File,4,"3. Backend\1. Source\.idea\libraries"
"3. Backend\1. Source\.idea\libraries\Maven__org_bytedeco_leptonica_android_arm64_1_80_0_1_5_4.xml",File,4,"3. Backend\1. Source\.idea\libraries"
"3. Backend\1. Source\.idea\libraries\Maven__org_bytedeco_leptonica_android_x86_1_80_0_1_5_4.xml",File,4,"3. Backend\1. Source\.idea\libraries"
"3. Backend\1. Source\.idea\libraries\Maven__org_bytedeco_leptonica_android_x86_64_1_80_0_1_5_4.xml",File,4,"3. Backend\1. Source\.idea\libraries"
"3. Backend\1. Source\.idea\libraries\Maven__org_bytedeco_leptonica_linux_arm64_1_80_0_1_5_4.xml",File,4,"3. Backend\1. Source\.idea\libraries"
"3. Backend\1. Source\.idea\libraries\Maven__org_bytedeco_leptonica_linux_armhf_1_80_0_1_5_4.xml",File,4,"3. Backend\1. Source\.idea\libraries"
"3. Backend\1. Source\.idea\libraries\Maven__org_bytedeco_leptonica_linux_ppc64le_1_80_0_1_5_4.xml",File,4,"3. Backend\1. Source\.idea\libraries"
"3. Backend\1. Source\.idea\libraries\Maven__org_bytedeco_leptonica_linux_x86_1_80_0_1_5_4.xml",File,4,"3. Backend\1. Source\.idea\libraries"
"3. Backend\1. Source\.idea\libraries\Maven__org_bytedeco_leptonica_linux_x86_64_1_80_0_1_5_4.xml",File,4,"3. Backend\1. Source\.idea\libraries"
"3. Backend\1. Source\.idea\libraries\Maven__org_bytedeco_leptonica_macosx_x86_64_1_80_0_1_5_4.xml",File,4,"3. Backend\1. Source\.idea\libraries"
"3. Backend\1. Source\.idea\libraries\Maven__org_bytedeco_leptonica_platform_1_80_0_1_5_4.xml",File,4,"3. Backend\1. Source\.idea\libraries"
"3. Backend\1. Source\.idea\libraries\Maven__org_bytedeco_leptonica_windows_x86_1_80_0_1_5_4.xml",File,4,"3. Backend\1. Source\.idea\libraries"
"3. Backend\1. Source\.idea\libraries\Maven__org_bytedeco_leptonica_windows_x86_64_1_80_0_1_5_4.xml",File,4,"3. Backend\1. Source\.idea\libraries"
"3. Backend\1. Source\.idea\libraries\Maven__org_bytedeco_tesseract_4_1_1_1_5_4.xml",File,4,"3. Backend\1. Source\.idea\libraries"
"3. Backend\1. Source\.idea\libraries\Maven__org_bytedeco_tesseract_android_arm_4_1_1_1_5_4.xml",File,4,"3. Backend\1. Source\.idea\libraries"
"3. Backend\1. Source\.idea\libraries\Maven__org_bytedeco_tesseract_android_arm64_4_1_1_1_5_4.xml",File,4,"3. Backend\1. Source\.idea\libraries"
"3. Backend\1. Source\.idea\libraries\Maven__org_bytedeco_tesseract_android_x86_4_1_1_1_5_4.xml",File,4,"3. Backend\1. Source\.idea\libraries"
"3. Backend\1. Source\.idea\libraries\Maven__org_bytedeco_tesseract_android_x86_64_4_1_1_1_5_4.xml",File,4,"3. Backend\1. Source\.idea\libraries"
"3. Backend\1. Source\.idea\libraries\Maven__org_bytedeco_tesseract_linux_arm64_4_1_1_1_5_4.xml",File,4,"3. Backend\1. Source\.idea\libraries"
"3. Backend\1. Source\.idea\libraries\Maven__org_bytedeco_tesseract_linux_armhf_4_1_1_1_5_4.xml",File,4,"3. Backend\1. Source\.idea\libraries"
"3. Backend\1. Source\.idea\libraries\Maven__org_bytedeco_tesseract_linux_ppc64le_4_1_1_1_5_4.xml",File,4,"3. Backend\1. Source\.idea\libraries"
"3. Backend\1. Source\.idea\libraries\Maven__org_bytedeco_tesseract_linux_x86_4_1_1_1_5_4.xml",File,4,"3. Backend\1. Source\.idea\libraries"
"3. Backend\1. Source\.idea\libraries\Maven__org_bytedeco_tesseract_linux_x86_64_4_1_1_1_5_4.xml",File,4,"3. Backend\1. Source\.idea\libraries"
"3. Backend\1. Source\.idea\libraries\Maven__org_bytedeco_tesseract_macosx_x86_64_4_1_1_1_5_4.xml",File,4,"3. Backend\1. Source\.idea\libraries"
"3. Backend\1. Source\.idea\libraries\Maven__org_bytedeco_tesseract_platform_4_1_1_1_5_4.xml",File,4,"3. Backend\1. Source\.idea\libraries"
"3. Backend\1. Source\.idea\libraries\Maven__org_bytedeco_tesseract_windows_x86_4_1_1_1_5_4.xml",File,4,"3. Backend\1. Source\.idea\libraries"
"3. Backend\1. Source\.idea\libraries\Maven__org_bytedeco_tesseract_windows_x86_64_4_1_1_1_5_4.xml",File,4,"3. Backend\1. Source\.idea\libraries"
"3. Backend\1. Source\.idea\libraries\Maven__org_codehaus_mojo_animal_sniffer_annotations_1_14.xml",File,4,"3. Backend\1. Source\.idea\libraries"
"3. Backend\1. Source\.idea\libraries\Maven__org_junit_jupiter_junit_jupiter_api_5_7_0.xml",File,4,"3. Backend\1. Source\.idea\libraries"
"3. Backend\1. Source\.idea\libraries\Maven__org_junit_platform_junit_platform_commons_1_7_0.xml",File,4,"3. Backend\1. Source\.idea\libraries"
"3. Backend\1. Source\.idea\libraries\Maven__org_opentest4j_opentest4j_1_2_0.xml",File,4,"3. Backend\1. Source\.idea\libraries"
"3. Backend\1. Source\.idea\libraries\Maven__org_projectlombok_lombok_1_16_4.xml",File,4,"3. Backend\1. Source\.idea\libraries"
"3. Backend\1. Source\.idea\libraries\Maven__org_scala_lang_scala_library_2_13_6.xml",File,4,"3. Backend\1. Source\.idea\libraries"
"3. Backend\1. Source\.settings\org.eclipse.jdt.apt.core.prefs",File,3,"3. Backend\1. Source\.settings"
"3. Backend\1. Source\.settings\org.eclipse.jdt.core.prefs",File,3,"3. Backend\1. Source\.settings"
"3. Backend\1. Source\src\main",Folder,3,"3. Backend\1. Source\src"
"3. Backend\1. Source\src\META-INF",Folder,3,"3. Backend\1. Source\src"
"3. Backend\1. Source\src\main\java",Folder,4,"3. Backend\1. Source\src\main"
"3. Backend\1. Source\src\main\resources",Folder,4,"3. Backend\1. Source\src\main"
"3. Backend\1. Source\src\main\java\com",Folder,5,"3. Backend\1. Source\src\main\java"
"3. Backend\1. Source\src\main\java\META-INF",Folder,5,"3. Backend\1. Source\src\main\java"
"3. Backend\1. Source\src\main\java\testmf",Folder,5,"3. Backend\1. Source\src\main\java"
"3. Backend\1. Source\src\main\java\com\fribbels",Folder,6,"3. Backend\1. Source\src\main\java\com"
"3. Backend\1. Source\src\main\java\com\fribbels\core",Folder,7,"3. Backend\1. Source\src\main\java\com\fribbels"
"3. Backend\1. Source\src\main\java\com\fribbels\db",Folder,7,"3. Backend\1. Source\src\main\java\com\fribbels"
"3. Backend\1. Source\src\main\java\com\fribbels\enums",Folder,7,"3. Backend\1. Source\src\main\java\com\fribbels"
"3. Backend\1. Source\src\main\java\com\fribbels\gpu",Folder,7,"3. Backend\1. Source\src\main\java\com\fribbels"
"3. Backend\1. Source\src\main\java\com\fribbels\handler",Folder,7,"3. Backend\1. Source\src\main\java\com\fribbels"
"3. Backend\1. Source\src\main\java\com\fribbels\model",Folder,7,"3. Backend\1. Source\src\main\java\com\fribbels"
"3. Backend\1. Source\src\main\java\com\fribbels\ocr",Folder,7,"3. Backend\1. Source\src\main\java\com\fribbels"
"3. Backend\1. Source\src\main\java\com\fribbels\request",Folder,7,"3. Backend\1. Source\src\main\java\com\fribbels"
"3. Backend\1. Source\src\main\java\com\fribbels\response",Folder,7,"3. Backend\1. Source\src\main\java\com\fribbels"
"3. Backend\1. Source\src\main\java\com\fribbels\Main.java",File,7,"3. Backend\1. Source\src\main\java\com\fribbels"
"3. Backend\1. Source\src\main\java\com\fribbels\core\FileIO.java",File,8,"3. Backend\1. Source\src\main\java\com\fribbels\core"
"3. Backend\1. Source\src\main\java\com\fribbels\core\Sorter.java",File,8,"3. Backend\1. Source\src\main\java\com\fribbels\core"
"3. Backend\1. Source\src\main\java\com\fribbels\core\SpecialStats.java",File,8,"3. Backend\1. Source\src\main\java\com\fribbels\core"
"3. Backend\1. Source\src\main\java\com\fribbels\core\StatCalculator.java",File,8,"3. Backend\1. Source\src\main\java\com\fribbels\core"
"3. Backend\1. Source\src\main\java\com\fribbels\db\ArtifactStatsDb.java",File,8,"3. Backend\1. Source\src\main\java\com\fribbels\db"
"3. Backend\1. Source\src\main\java\com\fribbels\db\BaseStatsDb.java",File,8,"3. Backend\1. Source\src\main\java\com\fribbels\db"
"3. Backend\1. Source\src\main\java\com\fribbels\db\HeroDb.java",File,8,"3. Backend\1. Source\src\main\java\com\fribbels\db"
"3. Backend\1. Source\src\main\java\com\fribbels\db\ItemDb.java",File,8,"3. Backend\1. Source\src\main\java\com\fribbels\db"
"3. Backend\1. Source\src\main\java\com\fribbels\db\OptimizationDb.java",File,8,"3. Backend\1. Source\src\main\java\com\fribbels\db"
"3. Backend\1. Source\src\main\java\com\fribbels\enums\Gear.java",File,8,"3. Backend\1. Source\src\main\java\com\fribbels\enums"
"3. Backend\1. Source\src\main\java\com\fribbels\enums\HeroFilter.java",File,8,"3. Backend\1. Source\src\main\java\com\fribbels\enums"
"3. Backend\1. Source\src\main\java\com\fribbels\enums\Material.java",File,8,"3. Backend\1. Source\src\main\java\com\fribbels\enums"
"3. Backend\1. Source\src\main\java\com\fribbels\enums\OptimizationColumn.java",File,8,"3. Backend\1. Source\src\main\java\com\fribbels\enums"
"3. Backend\1. Source\src\main\java\com\fribbels\enums\Rank.java",File,8,"3. Backend\1. Source\src\main\java\com\fribbels\enums"
"3. Backend\1. Source\src\main\java\com\fribbels\enums\Set.java",File,8,"3. Backend\1. Source\src\main\java\com\fribbels\enums"
"3. Backend\1. Source\src\main\java\com\fribbels\enums\SortOrder.java",File,8,"3. Backend\1. Source\src\main\java\com\fribbels\enums"
"3. Backend\1. Source\src\main\java\com\fribbels\enums\StatType.java",File,8,"3. Backend\1. Source\src\main\java\com\fribbels\enums"
"3. Backend\1. Source\src\main\java\com\fribbels\gpu\GpuOptimizerKernel.java",File,8,"3. Backend\1. Source\src\main\java\com\fribbels\gpu"
"3. Backend\1. Source\src\main\java\com\fribbels\gpu\SetFormat000OptimizerKernel.java",File,8,"3. Backend\1. Source\src\main\java\com\fribbels\gpu"
"3. Backend\1. Source\src\main\java\com\fribbels\handler\HeroesRequestHandler.java",File,8,"3. Backend\1. Source\src\main\java\com\fribbels\handler"
"3. Backend\1. Source\src\main\java\com\fribbels\handler\ItemsRequestHandler.java",File,8,"3. Backend\1. Source\src\main\java\com\fribbels\handler"
"3. Backend\1. Source\src\main\java\com\fribbels\handler\OptimizationRequestHandler.java",File,8,"3. Backend\1. Source\src\main\java\com\fribbels\handler"
"3. Backend\1. Source\src\main\java\com\fribbels\handler\RequestHandler.java",File,8,"3. Backend\1. Source\src\main\java\com\fribbels\handler"
"3. Backend\1. Source\src\main\java\com\fribbels\handler\SystemRequestHandler.java",File,8,"3. Backend\1. Source\src\main\java\com\fribbels\handler"
"3. Backend\1. Source\src\main\java\com\fribbels\model\ArtifactStats.java",File,8,"3. Backend\1. Source\src\main\java\com\fribbels\model"
"3. Backend\1. Source\src\main\java\com\fribbels\model\AugmentedStats.java",File,8,"3. Backend\1. Source\src\main\java\com\fribbels\model"
"3. Backend\1. Source\src\main\java\com\fribbels\model\BaseStats.java",File,8,"3. Backend\1. Source\src\main\java\com\fribbels\model"
"3. Backend\1. Source\src\main\java\com\fribbels\model\BonusStats.java",File,8,"3. Backend\1. Source\src\main\java\com\fribbels\model"
"3. Backend\1. Source\src\main\java\com\fribbels\model\DamageMultipliers.java",File,8,"3. Backend\1. Source\src\main\java\com\fribbels\model"
"3. Backend\1. Source\src\main\java\com\fribbels\model\HashItem.java",File,8,"3. Backend\1. Source\src\main\java\com\fribbels\model"
"3. Backend\1. Source\src\main\java\com\fribbels\model\Hero.java",File,8,"3. Backend\1. Source\src\main\java\com\fribbels\model"
"3. Backend\1. Source\src\main\java\com\fribbels\model\HeroSkillOptions.java",File,8,"3. Backend\1. Source\src\main\java\com\fribbels\model"
"3. Backend\1. Source\src\main\java\com\fribbels\model\HeroSkills.java",File,8,"3. Backend\1. Source\src\main\java\com\fribbels\model"
"3. Backend\1. Source\src\main\java\com\fribbels\model\HeroStats.java",File,8,"3. Backend\1. Source\src\main\java\com\fribbels\model"
"3. Backend\1. Source\src\main\java\com\fribbels\model\Item.java",File,8,"3. Backend\1. Source\src\main\java\com\fribbels\model"
"3. Backend\1. Source\src\main\java\com\fribbels\model\MergeHero.java",File,8,"3. Backend\1. Source\src\main\java\com\fribbels\model"
"3. Backend\1. Source\src\main\java\com\fribbels\model\MiniOptimizationResponse.java",File,8,"3. Backend\1. Source\src\main\java\com\fribbels\model"
"3. Backend\1. Source\src\main\java\com\fribbels\model\Mod.java",File,8,"3. Backend\1. Source\src\main\java\com\fribbels\model"
"3. Backend\1. Source\src\main\java\com\fribbels\model\PassesContainer.java",File,8,"3. Backend\1. Source\src\main\java\com\fribbels\model"
"3. Backend\1. Source\src\main\java\com\fribbels\model\Request.java",File,8,"3. Backend\1. Source\src\main\java\com\fribbels\model"
"3. Backend\1. Source\src\main\java\com\fribbels\model\SingleSkillOptions.java",File,8,"3. Backend\1. Source\src\main\java\com\fribbels\model"
"3. Backend\1. Source\src\main\java\com\fribbels\model\SkillData.java",File,8,"3. Backend\1. Source\src\main\java\com\fribbels\model"
"3. Backend\1. Source\src\main\java\com\fribbels\model\Stat.java",File,8,"3. Backend\1. Source\src\main\java\com\fribbels\model"
"3. Backend\1. Source\src\main\java\com\fribbels\ocr\OcrEngine.java",File,8,"3. Backend\1. Source\src\main\java\com\fribbels\ocr"
"3. Backend\1. Source\src\main\java\com\fribbels\request\AllDataResponse.java",File,8,"3. Backend\1. Source\src\main\java\com\fribbels\request"
"3. Backend\1. Source\src\main\java\com\fribbels\request\ArtifactStatsRequest.java",File,8,"3. Backend\1. Source\src\main\java\com\fribbels\request"
"3. Backend\1. Source\src\main\java\com\fribbels\request\BaseStatsRequest.java",File,8,"3. Backend\1. Source\src\main\java\com\fribbels\request"
"3. Backend\1. Source\src\main\java\com\fribbels\request\BonusStatsRequest.java",File,8,"3. Backend\1. Source\src\main\java\com\fribbels\request"
"3. Backend\1. Source\src\main\java\com\fribbels\request\BuildsRequest.java",File,8,"3. Backend\1. Source\src\main\java\com\fribbels\request"
"3. Backend\1. Source\src\main\java\com\fribbels\request\EditResultRowsRequest.java",File,8,"3. Backend\1. Source\src\main\java\com\fribbels\request"
"3. Backend\1. Source\src\main\java\com\fribbels\request\EquipItemsOnHeroRequest.java",File,8,"3. Backend\1. Source\src\main\java\com\fribbels\request"
"3. Backend\1. Source\src\main\java\com\fribbels\request\GetAllHeroesRequest.java",File,8,"3. Backend\1. Source\src\main\java\com\fribbels\request"
"3. Backend\1. Source\src\main\java\com\fribbels\request\GetHeroByIdRequest.java",File,8,"3. Backend\1. Source\src\main\java\com\fribbels\request"
"3. Backend\1. Source\src\main\java\com\fribbels\request\GetResultRowsRequest.java",File,8,"3. Backend\1. Source\src\main\java\com\fribbels\request"
"3. Backend\1. Source\src\main\java\com\fribbels\request\HeroesRequest.java",File,8,"3. Backend\1. Source\src\main\java\com\fribbels\request"
"3. Backend\1. Source\src\main\java\com\fribbels\request\IdRequest.java",File,8,"3. Backend\1. Source\src\main\java\com\fribbels\request"
"3. Backend\1. Source\src\main\java\com\fribbels\request\IdsRequest.java",File,8,"3. Backend\1. Source\src\main\java\com\fribbels\request"
"3. Backend\1. Source\src\main\java\com\fribbels\request\ItemsRequest.java",File,8,"3. Backend\1. Source\src\main\java\com\fribbels\request"
"3. Backend\1. Source\src\main\java\com\fribbels\request\MergeRequest.java",File,8,"3. Backend\1. Source\src\main\java\com\fribbels\request"
"3. Backend\1. Source\src\main\java\com\fribbels\request\ModStatsRequest.java",File,8,"3. Backend\1. Source\src\main\java\com\fribbels\request"
"3. Backend\1. Source\src\main\java\com\fribbels\request\Ocr2Request.java",File,8,"3. Backend\1. Source\src\main\java\com\fribbels\request"
"3. Backend\1. Source\src\main\java\com\fribbels\request\OptimizationRequest.java",File,8,"3. Backend\1. Source\src\main\java\com\fribbels\request"
"3. Backend\1. Source\src\main\java\com\fribbels\request\ReorderRequest.java",File,8,"3. Backend\1. Source\src\main\java\com\fribbels\request"
"3. Backend\1. Source\src\main\java\com\fribbels\request\SetSettingsRequest.java",File,8,"3. Backend\1. Source\src\main\java\com\fribbels\request"
"3. Backend\1. Source\src\main\java\com\fribbels\request\SkillOptionsRequest.java",File,8,"3. Backend\1. Source\src\main\java\com\fribbels\request"
"3. Backend\1. Source\src\main\java\com\fribbels\response\GetAllHeroesResponse.java",File,8,"3. Backend\1. Source\src\main\java\com\fribbels\response"
"3. Backend\1. Source\src\main\java\com\fribbels\response\GetAllItemsResponse.java",File,8,"3. Backend\1. Source\src\main\java\com\fribbels\response"
"3. Backend\1. Source\src\main\java\com\fribbels\response\GetHeroByIdResponse.java",File,8,"3. Backend\1. Source\src\main\java\com\fribbels\response"
"3. Backend\1. Source\src\main\java\com\fribbels\response\GetInProgressResponse.java",File,8,"3. Backend\1. Source\src\main\java\com\fribbels\response"
"3. Backend\1. Source\src\main\java\com\fribbels\response\GetItemByIdResponse.java",File,8,"3. Backend\1. Source\src\main\java\com\fribbels\response"
"3. Backend\1. Source\src\main\java\com\fribbels\response\GetResultRowsResponse.java",File,8,"3. Backend\1. Source\src\main\java\com\fribbels\response"
"3. Backend\1. Source\src\main\java\com\fribbels\response\HeroStatsResponse.java",File,8,"3. Backend\1. Source\src\main\java\com\fribbels\response"
"3. Backend\1. Source\src\main\java\com\fribbels\response\OcrResponse.java",File,8,"3. Backend\1. Source\src\main\java\com\fribbels\response"
"3. Backend\1. Source\src\main\java\com\fribbels\response\OptimizationResponse.java",File,8,"3. Backend\1. Source\src\main\java\com\fribbels\response"
"3. Backend\1. Source\src\main\java\com\fribbels\response\Response.java",File,8,"3. Backend\1. Source\src\main\java\com\fribbels\response"
"3. Backend\1. Source\src\main\java\META-INF\MANIFEST.MF",File,6,"3. Backend\1. Source\src\main\java\META-INF"
"3. Backend\1. Source\src\main\java\testmf\META-INF",Folder,6,"3. Backend\1. Source\src\main\java\testmf"
"3. Backend\1. Source\src\main\java\testmf\META-INF\MANIFEST.MF",File,7,"3. Backend\1. Source\src\main\java\testmf\META-INF"
"3. Backend\1. Source\src\main\resources\META-INF",Folder,5,"3. Backend\1. Source\src\main\resources"
"3. Backend\1. Source\src\main\resources\META-INF\MANIFEST.MF",File,6,"3. Backend\1. Source\src\main\resources\META-INF"
"3. Backend\1. Source\src\META-INF\MANIFEST.MF",File,4,"3. Backend\1. Source\src\META-INF"
"3. Backend\1. Source\target\archive-tmp",Folder,3,"3. Backend\1. Source\target"
"3. Backend\1. Source\target\classes",Folder,3,"3. Backend\1. Source\target"
"3. Backend\1. Source\target\generated-sources",Folder,3,"3. Backend\1. Source\target"
"3. Backend\1. Source\target\generated-test-sources",Folder,3,"3. Backend\1. Source\target"
"3. Backend\1. Source\target\maven-archiver",Folder,3,"3. Backend\1. Source\target"
"3. Backend\1. Source\target\maven-status",Folder,3,"3. Backend\1. Source\target"
"3. Backend\1. Source\target\test-classes",Folder,3,"3. Backend\1. Source\target"
"3. Backend\1. Source\target\backend-1.0-jar-with-dependencies.jar",File,3,"3. Backend\1. Source\target"
"3. Backend\1. Source\target\backend-1.0.jar",File,3,"3. Backend\1. Source\target"
"3. Backend\1. Source\target\classes\com",Folder,4,"3. Backend\1. Source\target\classes"
"3. Backend\1. Source\target\classes\META-INF",Folder,4,"3. Backend\1. Source\target\classes"
"3. Backend\1. Source\target\classes\com\fribbels",Folder,5,"3. Backend\1. Source\target\classes\com"
"3. Backend\1. Source\target\classes\com\fribbels\core",Folder,6,"3. Backend\1. Source\target\classes\com\fribbels"
"3. Backend\1. Source\target\classes\com\fribbels\db",Folder,6,"3. Backend\1. Source\target\classes\com\fribbels"
"3. Backend\1. Source\target\classes\com\fribbels\enums",Folder,6,"3. Backend\1. Source\target\classes\com\fribbels"
"3. Backend\1. Source\target\classes\com\fribbels\gpu",Folder,6,"3. Backend\1. Source\target\classes\com\fribbels"
"3. Backend\1. Source\target\classes\com\fribbels\handler",Folder,6,"3. Backend\1. Source\target\classes\com\fribbels"
"3. Backend\1. Source\target\classes\com\fribbels\model",Folder,6,"3. Backend\1. Source\target\classes\com\fribbels"
"3. Backend\1. Source\target\classes\com\fribbels\ocr",Folder,6,"3. Backend\1. Source\target\classes\com\fribbels"
"3. Backend\1. Source\target\classes\com\fribbels\request",Folder,6,"3. Backend\1. Source\target\classes\com\fribbels"
"3. Backend\1. Source\target\classes\com\fribbels\response",Folder,6,"3. Backend\1. Source\target\classes\com\fribbels"
"3. Backend\1. Source\target\classes\com\fribbels\Main.class",File,6,"3. Backend\1. Source\target\classes\com\fribbels"
"3. Backend\1. Source\target\classes\com\fribbels\core\FileIO.class",File,7,"3. Backend\1. Source\target\classes\com\fribbels\core"
"3. Backend\1. Source\target\classes\com\fribbels\core\Sorter.class",File,7,"3. Backend\1. Source\target\classes\com\fribbels\core"
"3. Backend\1. Source\target\classes\com\fribbels\core\Sorter$1.class",File,7,"3. Backend\1. Source\target\classes\com\fribbels\core"
"3. Backend\1. Source\target\classes\com\fribbels\core\SpecialStats.class",File,7,"3. Backend\1. Source\target\classes\com\fribbels\core"
"3. Backend\1. Source\target\classes\com\fribbels\core\StatCalculator.class",File,7,"3. Backend\1. Source\target\classes\com\fribbels\core"
"3. Backend\1. Source\target\classes\com\fribbels\db\ArtifactStatsDb.class",File,7,"3. Backend\1. Source\target\classes\com\fribbels\db"
"3. Backend\1. Source\target\classes\com\fribbels\db\BaseStatsDb.class",File,7,"3. Backend\1. Source\target\classes\com\fribbels\db"
"3. Backend\1. Source\target\classes\com\fribbels\db\HeroDb.class",File,7,"3. Backend\1. Source\target\classes\com\fribbels\db"
"3. Backend\1. Source\target\classes\com\fribbels\db\ItemDb.class",File,7,"3. Backend\1. Source\target\classes\com\fribbels\db"
"3. Backend\1. Source\target\classes\com\fribbels\db\OptimizationDb.class",File,7,"3. Backend\1. Source\target\classes\com\fribbels\db"
"3. Backend\1. Source\target\classes\com\fribbels\enums\Gear.class",File,7,"3. Backend\1. Source\target\classes\com\fribbels\enums"
"3. Backend\1. Source\target\classes\com\fribbels\enums\HeroFilter.class",File,7,"3. Backend\1. Source\target\classes\com\fribbels\enums"
"3. Backend\1. Source\target\classes\com\fribbels\enums\Material.class",File,7,"3. Backend\1. Source\target\classes\com\fribbels\enums"
"3. Backend\1. Source\target\classes\com\fribbels\enums\OptimizationColumn.class",File,7,"3. Backend\1. Source\target\classes\com\fribbels\enums"
"3. Backend\1. Source\target\classes\com\fribbels\enums\Rank.class",File,7,"3. Backend\1. Source\target\classes\com\fribbels\enums"
"3. Backend\1. Source\target\classes\com\fribbels\enums\Set.class",File,7,"3. Backend\1. Source\target\classes\com\fribbels\enums"
"3. Backend\1. Source\target\classes\com\fribbels\enums\SortOrder.class",File,7,"3. Backend\1. Source\target\classes\com\fribbels\enums"
"3. Backend\1. Source\target\classes\com\fribbels\enums\StatType.class",File,7,"3. Backend\1. Source\target\classes\com\fribbels\enums"
"3. Backend\1. Source\target\classes\com\fribbels\gpu\GpuOptimizerKernel.class",File,7,"3. Backend\1. Source\target\classes\com\fribbels\gpu"
"3. Backend\1. Source\target\classes\com\fribbels\gpu\SetFormat000OptimizerKernel.class",File,7,"3. Backend\1. Source\target\classes\com\fribbels\gpu"
"3. Backend\1. Source\target\classes\com\fribbels\handler\HeroesRequestHandler.class",File,7,"3. Backend\1. Source\target\classes\com\fribbels\handler"
"3. Backend\1. Source\target\classes\com\fribbels\handler\ItemsRequestHandler.class",File,7,"3. Backend\1. Source\target\classes\com\fribbels\handler"
"3. Backend\1. Source\target\classes\com\fribbels\handler\OptimizationRequestHandler.class",File,7,"3. Backend\1. Source\target\classes\com\fribbels\handler"
"3. Backend\1. Source\target\classes\com\fribbels\handler\OptimizationRequestHandler$1.class",File,7,"3. Backend\1. Source\target\classes\com\fribbels\handler"
"3. Backend\1. Source\target\classes\com\fribbels\handler\OptimizationRequestHandler$2.class",File,7,"3. Backend\1. Source\target\classes\com\fribbels\handler"
"3. Backend\1. Source\target\classes\com\fribbels\handler\RequestHandler.class",File,7,"3. Backend\1. Source\target\classes\com\fribbels\handler"
"3. Backend\1. Source\target\classes\com\fribbels\handler\SystemRequestHandler.class",File,7,"3. Backend\1. Source\target\classes\com\fribbels\handler"
"3. Backend\1. Source\target\classes\com\fribbels\model\ArtifactStats.class",File,7,"3. Backend\1. Source\target\classes\com\fribbels\model"
"3. Backend\1. Source\target\classes\com\fribbels\model\ArtifactStats$ArtifactStatsBuilder.class",File,7,"3. Backend\1. Source\target\classes\com\fribbels\model"
"3. Backend\1. Source\target\classes\com\fribbels\model\AugmentedStats.class",File,7,"3. Backend\1. Source\target\classes\com\fribbels\model"
"3. Backend\1. Source\target\classes\com\fribbels\model\AugmentedStats$AugmentedStatsBuilder.class",File,7,"3. Backend\1. Source\target\classes\com\fribbels\model"
"3. Backend\1. Source\target\classes\com\fribbels\model\BaseStats.class",File,7,"3. Backend\1. Source\target\classes\com\fribbels\model"
"3. Backend\1. Source\target\classes\com\fribbels\model\BaseStats$BaseStatsBuilder.class",File,7,"3. Backend\1. Source\target\classes\com\fribbels\model"
"3. Backend\1. Source\target\classes\com\fribbels\model\BonusStats.class",File,7,"3. Backend\1. Source\target\classes\com\fribbels\model"
"3. Backend\1. Source\target\classes\com\fribbels\model\BonusStats$BonusStatsBuilder.class",File,7,"3. Backend\1. Source\target\classes\com\fribbels\model"
"3. Backend\1. Source\target\classes\com\fribbels\model\DamageMultipliers.class",File,7,"3. Backend\1. Source\target\classes\com\fribbels\model"
"3. Backend\1. Source\target\classes\com\fribbels\model\DamageMultipliers$DamageMultipliersBuilder.class",File,7,"3. Backend\1. Source\target\classes\com\fribbels\model"
"3. Backend\1. Source\target\classes\com\fribbels\model\HashItem.class",File,7,"3. Backend\1. Source\target\classes\com\fribbels\model"
"3. Backend\1. Source\target\classes\com\fribbels\model\Hero.class",File,7,"3. Backend\1. Source\target\classes\com\fribbels\model"
"3. Backend\1. Source\target\classes\com\fribbels\model\Hero$HeroBuilder.class",File,7,"3. Backend\1. Source\target\classes\com\fribbels\model"
"3. Backend\1. Source\target\classes\com\fribbels\model\HeroSkillOptions.class",File,7,"3. Backend\1. Source\target\classes\com\fribbels\model"
"3. Backend\1. Source\target\classes\com\fribbels\model\HeroSkillOptions$HeroSkillOptionsBuilder.class",File,7,"3. Backend\1. Source\target\classes\com\fribbels\model"
"3. Backend\1. Source\target\classes\com\fribbels\model\HeroSkills.class",File,7,"3. Backend\1. Source\target\classes\com\fribbels\model"
"3. Backend\1. Source\target\classes\com\fribbels\model\HeroSkills$HeroSkillsBuilder.class",File,7,"3. Backend\1. Source\target\classes\com\fribbels\model"
"3. Backend\1. Source\target\classes\com\fribbels\model\HeroStats.class",File,7,"3. Backend\1. Source\target\classes\com\fribbels\model"
"3. Backend\1. Source\target\classes\com\fribbels\model\HeroStats$HeroStatsBuilder.class",File,7,"3. Backend\1. Source\target\classes\com\fribbels\model"
"3. Backend\1. Source\target\classes\com\fribbels\model\Item.class",File,7,"3. Backend\1. Source\target\classes\com\fribbels\model"
"3. Backend\1. Source\target\classes\com\fribbels\model\Item$ItemBuilder.class",File,7,"3. Backend\1. Source\target\classes\com\fribbels\model"
"3. Backend\1. Source\target\classes\com\fribbels\model\MergeHero.class",File,7,"3. Backend\1. Source\target\classes\com\fribbels\model"
"3. Backend\1. Source\target\classes\com\fribbels\model\MiniOptimizationResponse.class",File,7,"3. Backend\1. Source\target\classes\com\fribbels\model"
"3. Backend\1. Source\target\classes\com\fribbels\model\MiniOptimizationResponse$MiniOptimizationResponseBuilder.class",File,7,"3. Backend\1. Source\target\classes\com\fribbels\model"
"3. Backend\1. Source\target\classes\com\fribbels\model\Mod.class",File,7,"3. Backend\1. Source\target\classes\com\fribbels\model"
"3. Backend\1. Source\target\classes\com\fribbels\model\PassesContainer.class",File,7,"3. Backend\1. Source\target\classes\com\fribbels\model"
"3. Backend\1. Source\target\classes\com\fribbels\model\PassesContainer$PassesContainerBuilder.class",File,7,"3. Backend\1. Source\target\classes\com\fribbels\model"
"3. Backend\1. Source\target\classes\com\fribbels\model\Request.class",File,7,"3. Backend\1. Source\target\classes\com\fribbels\model"
"3. Backend\1. Source\target\classes\com\fribbels\model\SingleSkillOptions.class",File,7,"3. Backend\1. Source\target\classes\com\fribbels\model"
"3. Backend\1. Source\target\classes\com\fribbels\model\SingleSkillOptions$SingleSkillOptionsBuilder.class",File,7,"3. Backend\1. Source\target\classes\com\fribbels\model"
"3. Backend\1. Source\target\classes\com\fribbels\model\SkillData.class",File,7,"3. Backend\1. Source\target\classes\com\fribbels\model"
"3. Backend\1. Source\target\classes\com\fribbels\model\SkillData$SkillDataBuilder.class",File,7,"3. Backend\1. Source\target\classes\com\fribbels\model"
"3. Backend\1. Source\target\classes\com\fribbels\model\Stat.class",File,7,"3. Backend\1. Source\target\classes\com\fribbels\model"
"3. Backend\1. Source\target\classes\com\fribbels\ocr\OcrEngine.class",File,7,"3. Backend\1. Source\target\classes\com\fribbels\ocr"
"3. Backend\1. Source\target\classes\com\fribbels\request\AllDataResponse.class",File,7,"3. Backend\1. Source\target\classes\com\fribbels\request"
"3. Backend\1. Source\target\classes\com\fribbels\request\AllDataResponse$AllDataResponseBuilder.class",File,7,"3. Backend\1. Source\target\classes\com\fribbels\request"
"3. Backend\1. Source\target\classes\com\fribbels\request\ArtifactStatsRequest.class",File,7,"3. Backend\1. Source\target\classes\com\fribbels\request"
"3. Backend\1. Source\target\classes\com\fribbels\request\ArtifactStatsRequest$ArtifactStatsRequestBuilder.class",File,7,"3. Backend\1. Source\target\classes\com\fribbels\request"
"3. Backend\1. Source\target\classes\com\fribbels\request\BaseStatsRequest.class",File,7,"3. Backend\1. Source\target\classes\com\fribbels\request"
"3. Backend\1. Source\target\classes\com\fribbels\request\BaseStatsRequest$BaseStatsRequestBuilder.class",File,7,"3. Backend\1. Source\target\classes\com\fribbels\request"
"3. Backend\1. Source\target\classes\com\fribbels\request\BonusStatsRequest.class",File,7,"3. Backend\1. Source\target\classes\com\fribbels\request"
"3. Backend\1. Source\target\classes\com\fribbels\request\BonusStatsRequest$BonusStatsRequestBuilder.class",File,7,"3. Backend\1. Source\target\classes\com\fribbels\request"
"3. Backend\1. Source\target\classes\com\fribbels\request\BuildsRequest.class",File,7,"3. Backend\1. Source\target\classes\com\fribbels\request"
"3. Backend\1. Source\target\classes\com\fribbels\request\BuildsRequest$BuildsRequestBuilder.class",File,7,"3. Backend\1. Source\target\classes\com\fribbels\request"
"3. Backend\1. Source\target\classes\com\fribbels\request\EditResultRowsRequest.class",File,7,"3. Backend\1. Source\target\classes\com\fribbels\request"
"3. Backend\1. Source\target\classes\com\fribbels\request\EditResultRowsRequest$EditResultRowsRequestBuilder.class",File,7,"3. Backend\1. Source\target\classes\com\fribbels\request"
"3. Backend\1. Source\target\classes\com\fribbels\request\EquipItemsOnHeroRequest.class",File,7,"3. Backend\1. Source\target\classes\com\fribbels\request"
"3. Backend\1. Source\target\classes\com\fribbels\request\EquipItemsOnHeroRequest$EquipItemsOnHeroRequestBuilder.class",File,7,"3. Backend\1. Source\target\classes\com\fribbels\request"
"3. Backend\1. Source\target\classes\com\fribbels\request\GetAllHeroesRequest.class",File,7,"3. Backend\1. Source\target\classes\com\fribbels\request"
"3. Backend\1. Source\target\classes\com\fribbels\request\GetAllHeroesRequest$GetAllHeroesRequestBuilder.class",File,7,"3. Backend\1. Source\target\classes\com\fribbels\request"
"3. Backend\1. Source\target\classes\com\fribbels\request\GetHeroByIdRequest.class",File,7,"3. Backend\1. Source\target\classes\com\fribbels\request"
"3. Backend\1. Source\target\classes\com\fribbels\request\GetHeroByIdRequest$GetHeroByIdRequestBuilder.class",File,7,"3. Backend\1. Source\target\classes\com\fribbels\request"
"3. Backend\1. Source\target\classes\com\fribbels\request\GetResultRowsRequest.class",File,7,"3. Backend\1. Source\target\classes\com\fribbels\request"
"3. Backend\1. Source\target\classes\com\fribbels\request\GetResultRowsRequest$GetResultRowsRequestBuilder.class",File,7,"3. Backend\1. Source\target\classes\com\fribbels\request"
"3. Backend\1. Source\target\classes\com\fribbels\request\HeroesRequest.class",File,7,"3. Backend\1. Source\target\classes\com\fribbels\request"
"3. Backend\1. Source\target\classes\com\fribbels\request\HeroesRequest$HeroesRequestBuilder.class",File,7,"3. Backend\1. Source\target\classes\com\fribbels\request"
"3. Backend\1. Source\target\classes\com\fribbels\request\IdRequest.class",File,7,"3. Backend\1. Source\target\classes\com\fribbels\request"
"3. Backend\1. Source\target\classes\com\fribbels\request\IdRequest$IdRequestBuilder.class",File,7,"3. Backend\1. Source\target\classes\com\fribbels\request"
"3. Backend\1. Source\target\classes\com\fribbels\request\IdsRequest.class",File,7,"3. Backend\1. Source\target\classes\com\fribbels\request"
"3. Backend\1. Source\target\classes\com\fribbels\request\IdsRequest$IdsRequestBuilder.class",File,7,"3. Backend\1. Source\target\classes\com\fribbels\request"
"3. Backend\1. Source\target\classes\com\fribbels\request\ItemsRequest.class",File,7,"3. Backend\1. Source\target\classes\com\fribbels\request"
"3. Backend\1. Source\target\classes\com\fribbels\request\ItemsRequest$ItemsRequestBuilder.class",File,7,"3. Backend\1. Source\target\classes\com\fribbels\request"
"3. Backend\1. Source\target\classes\com\fribbels\request\MergeRequest.class",File,7,"3. Backend\1. Source\target\classes\com\fribbels\request"
"3. Backend\1. Source\target\classes\com\fribbels\request\MergeRequest$MergeRequestBuilder.class",File,7,"3. Backend\1. Source\target\classes\com\fribbels\request"
"3. Backend\1. Source\target\classes\com\fribbels\request\ModStatsRequest.class",File,7,"3. Backend\1. Source\target\classes\com\fribbels\request"
"3. Backend\1. Source\target\classes\com\fribbels\request\ModStatsRequest$ModStatsRequestBuilder.class",File,7,"3. Backend\1. Source\target\classes\com\fribbels\request"
"3. Backend\1. Source\target\classes\com\fribbels\request\Ocr2Request.class",File,7,"3. Backend\1. Source\target\classes\com\fribbels\request"
"3. Backend\1. Source\target\classes\com\fribbels\request\Ocr2Request$Ocr2RequestBuilder.class",File,7,"3. Backend\1. Source\target\classes\com\fribbels\request"
"3. Backend\1. Source\target\classes\com\fribbels\request\OptimizationRequest.class",File,7,"3. Backend\1. Source\target\classes\com\fribbels\request"
"3. Backend\1. Source\target\classes\com\fribbels\request\ReorderRequest.class",File,7,"3. Backend\1. Source\target\classes\com\fribbels\request"
"3. Backend\1. Source\target\classes\com\fribbels\request\SetSettingsRequest.class",File,7,"3. Backend\1. Source\target\classes\com\fribbels\request"
"3. Backend\1. Source\target\classes\com\fribbels\request\SkillOptionsRequest.class",File,7,"3. Backend\1. Source\target\classes\com\fribbels\request"
"3. Backend\1. Source\target\classes\com\fribbels\request\SkillOptionsRequest$SkillOptionsRequestBuilder.class",File,7,"3. Backend\1. Source\target\classes\com\fribbels\request"
"3. Backend\1. Source\target\classes\com\fribbels\response\GetAllHeroesResponse.class",File,7,"3. Backend\1. Source\target\classes\com\fribbels\response"
"3. Backend\1. Source\target\classes\com\fribbels\response\GetAllHeroesResponse$GetAllHeroesResponseBuilder.class",File,7,"3. Backend\1. Source\target\classes\com\fribbels\response"
"3. Backend\1. Source\target\classes\com\fribbels\response\GetAllItemsResponse.class",File,7,"3. Backend\1. Source\target\classes\com\fribbels\response"
"3. Backend\1. Source\target\classes\com\fribbels\response\GetAllItemsResponse$GetAllItemsResponseBuilder.class",File,7,"3. Backend\1. Source\target\classes\com\fribbels\response"
"3. Backend\1. Source\target\classes\com\fribbels\response\GetHeroByIdResponse.class",File,7,"3. Backend\1. Source\target\classes\com\fribbels\response"
"3. Backend\1. Source\target\classes\com\fribbels\response\GetHeroByIdResponse$GetHeroByIdResponseBuilder.class",File,7,"3. Backend\1. Source\target\classes\com\fribbels\response"
"3. Backend\1. Source\target\classes\com\fribbels\response\GetInProgressResponse.class",File,7,"3. Backend\1. Source\target\classes\com\fribbels\response"
"3. Backend\1. Source\target\classes\com\fribbels\response\GetInProgressResponse$GetInProgressResponseBuilder.class",File,7,"3. Backend\1. Source\target\classes\com\fribbels\response"
"3. Backend\1. Source\target\classes\com\fribbels\response\GetItemByIdResponse.class",File,7,"3. Backend\1. Source\target\classes\com\fribbels\response"
"3. Backend\1. Source\target\classes\com\fribbels\response\GetItemByIdResponse$GetItemByIdResponseBuilder.class",File,7,"3. Backend\1. Source\target\classes\com\fribbels\response"
"3. Backend\1. Source\target\classes\com\fribbels\response\GetResultRowsResponse.class",File,7,"3. Backend\1. Source\target\classes\com\fribbels\response"
"3. Backend\1. Source\target\classes\com\fribbels\response\GetResultRowsResponse$GetResultRowsResponseBuilder.class",File,7,"3. Backend\1. Source\target\classes\com\fribbels\response"
"3. Backend\1. Source\target\classes\com\fribbels\response\HeroStatsResponse.class",File,7,"3. Backend\1. Source\target\classes\com\fribbels\response"
"3. Backend\1. Source\target\classes\com\fribbels\response\HeroStatsResponse$HeroStatsResponseBuilder.class",File,7,"3. Backend\1. Source\target\classes\com\fribbels\response"
"3. Backend\1. Source\target\classes\com\fribbels\response\OcrResponse.class",File,7,"3. Backend\1. Source\target\classes\com\fribbels\response"
"3. Backend\1. Source\target\classes\com\fribbels\response\OcrResponse$OcrResponseBuilder.class",File,7,"3. Backend\1. Source\target\classes\com\fribbels\response"
"3. Backend\1. Source\target\classes\com\fribbels\response\OptimizationResponse.class",File,7,"3. Backend\1. Source\target\classes\com\fribbels\response"
"3. Backend\1. Source\target\classes\com\fribbels\response\OptimizationResponse$OptimizationResponseBuilder.class",File,7,"3. Backend\1. Source\target\classes\com\fribbels\response"
"3. Backend\1. Source\target\classes\com\fribbels\response\Response.class",File,7,"3. Backend\1. Source\target\classes\com\fribbels\response"
"3. Backend\1. Source\target\classes\META-INF\MANIFEST.MF",File,5,"3. Backend\1. Source\target\classes\META-INF"
"3. Backend\1. Source\target\generated-sources\annotations",Folder,4,"3. Backend\1. Source\target\generated-sources"
"3. Backend\1. Source\target\generated-test-sources\test-annotations",Folder,4,"3. Backend\1. Source\target\generated-test-sources"
"3. Backend\1. Source\target\maven-archiver\pom.properties",File,4,"3. Backend\1. Source\target\maven-archiver"
"3. Backend\1. Source\target\maven-status\maven-compiler-plugin",Folder,4,"3. Backend\1. Source\target\maven-status"
"3. Backend\1. Source\target\maven-status\maven-compiler-plugin\compile",Folder,5,"3. Backend\1. Source\target\maven-status\maven-compiler-plugin"
"3. Backend\1. Source\target\maven-status\maven-compiler-plugin\testCompile",Folder,5,"3. Backend\1. Source\target\maven-status\maven-compiler-plugin"
"3. Backend\1. Source\target\maven-status\maven-compiler-plugin\compile\default-compile",Folder,6,"3. Backend\1. Source\target\maven-status\maven-compiler-plugin\compile"
"3. Backend\1. Source\target\maven-status\maven-compiler-plugin\compile\default-compile\createdFiles.lst",File,7,"3. Backend\1. Source\target\maven-status\maven-compiler-plugin\compile\default-compile"
"3. Backend\1. Source\target\maven-status\maven-compiler-plugin\compile\default-compile\inputFiles.lst",File,7,"3. Backend\1. Source\target\maven-status\maven-compiler-plugin\compile\default-compile"
"3. Backend\1. Source\target\maven-status\maven-compiler-plugin\testCompile\default-testCompile",Folder,6,"3. Backend\1. Source\target\maven-status\maven-compiler-plugin\testCompile"
"3. Backend\1. Source\target\maven-status\maven-compiler-plugin\testCompile\default-testCompile\createdFiles.lst",File,7,"3. Backend\1. Source\target\maven-status\maven-compiler-plugin\testCompile\default-testCompile"
"3. Backend\1. Source\target\maven-status\maven-compiler-plugin\testCompile\default-testCompile\inputFiles.lst",File,7,"3. Backend\1. Source\target\maven-status\maven-compiler-plugin\testCompile\default-testCompile"
"3. Backend\1. Source\target\test-classes\com",Folder,4,"3. Backend\1. Source\target\test-classes"
"3. Backend\1. Source\target\test-classes\com\fribbels",Folder,5,"3. Backend\1. Source\target\test-classes\com"
"3. Backend\1. Source\target\test-classes\com\fribbels\core",Folder,6,"3. Backend\1. Source\target\test-classes\com\fribbels"
"3. Backend\1. Source\target\test-classes\com\fribbels\DebugTest.class",File,6,"3. Backend\1. Source\target\test-classes\com\fribbels"
"3. Backend\1. Source\target\test-classes\com\fribbels\core\OptimizationRequestHandlerTest.class",File,7,"3. Backend\1. Source\target\test-classes\com\fribbels\core"
"3. Backend\1. Source\tst\com",Folder,3,"3. Backend\1. Source\tst"
"3. Backend\1. Source\tst\com\fribbels",Folder,4,"3. Backend\1. Source\tst\com"
"3. Backend\1. Source\tst\com\fribbels\core",Folder,5,"3. Backend\1. Source\tst\com\fribbels"
"3. Backend\1. Source\tst\com\fribbels\DebugTest.java",File,5,"3. Backend\1. Source\tst\com\fribbels"
"3. Backend\1. Source\tst\com\fribbels\core\OptimizationRequestHandlerTest.java",File,6,"3. Backend\1. Source\tst\com\fribbels\core"
"3. Backend\2. Maven\apache-maven-3.8.8",Folder,2,"3. Backend\2. Maven"
"3. Backend\2. Maven\apache-maven-3.8.8\bin",Folder,3,"3. Backend\2. Maven\apache-maven-3.8.8"
"3. Backend\2. Maven\apache-maven-3.8.8\boot",Folder,3,"3. Backend\2. Maven\apache-maven-3.8.8"
"3. Backend\2. Maven\apache-maven-3.8.8\conf",Folder,3,"3. Backend\2. Maven\apache-maven-3.8.8"
"3. Backend\2. Maven\apache-maven-3.8.8\lib",Folder,3,"3. Backend\2. Maven\apache-maven-3.8.8"
"3. Backend\2. Maven\apache-maven-3.8.8\LICENSE",File,3,"3. Backend\2. Maven\apache-maven-3.8.8"
"3. Backend\2. Maven\apache-maven-3.8.8\NOTICE",File,3,"3. Backend\2. Maven\apache-maven-3.8.8"
"3. Backend\2. Maven\apache-maven-3.8.8\README.txt",File,3,"3. Backend\2. Maven\apache-maven-3.8.8"
"3. Backend\2. Maven\apache-maven-3.8.8\bin\m2.conf",File,4,"3. Backend\2. Maven\apache-maven-3.8.8\bin"
"3. Backend\2. Maven\apache-maven-3.8.8\bin\mvn",File,4,"3. Backend\2. Maven\apache-maven-3.8.8\bin"
"3. Backend\2. Maven\apache-maven-3.8.8\bin\mvn.cmd",File,4,"3. Backend\2. Maven\apache-maven-3.8.8\bin"
"3. Backend\2. Maven\apache-maven-3.8.8\bin\mvnDebug",File,4,"3. Backend\2. Maven\apache-maven-3.8.8\bin"
"3. Backend\2. Maven\apache-maven-3.8.8\bin\mvnDebug.cmd",File,4,"3. Backend\2. Maven\apache-maven-3.8.8\bin"
"3. Backend\2. Maven\apache-maven-3.8.8\bin\mvnyjp",File,4,"3. Backend\2. Maven\apache-maven-3.8.8\bin"
"3. Backend\2. Maven\apache-maven-3.8.8\boot\plexus-classworlds-2.6.0.jar",File,4,"3. Backend\2. Maven\apache-maven-3.8.8\boot"
"3. Backend\2. Maven\apache-maven-3.8.8\boot\plexus-classworlds.license",File,4,"3. Backend\2. Maven\apache-maven-3.8.8\boot"
"3. Backend\2. Maven\apache-maven-3.8.8\conf\logging",Folder,4,"3. Backend\2. Maven\apache-maven-3.8.8\conf"
"3. Backend\2. Maven\apache-maven-3.8.8\conf\settings.xml",File,4,"3. Backend\2. Maven\apache-maven-3.8.8\conf"
"3. Backend\2. Maven\apache-maven-3.8.8\conf\toolchains.xml",File,4,"3. Backend\2. Maven\apache-maven-3.8.8\conf"
"3. Backend\2. Maven\apache-maven-3.8.8\conf\logging\simplelogger.properties",File,5,"3. Backend\2. Maven\apache-maven-3.8.8\conf\logging"
"3. Backend\2. Maven\apache-maven-3.8.8\lib\ext",Folder,4,"3. Backend\2. Maven\apache-maven-3.8.8\lib"
"3. Backend\2. Maven\apache-maven-3.8.8\lib\jansi-native",Folder,4,"3. Backend\2. Maven\apache-maven-3.8.8\lib"
"3. Backend\2. Maven\apache-maven-3.8.8\lib\commons-cli-1.4.jar",File,4,"3. Backend\2. Maven\apache-maven-3.8.8\lib"
"3. Backend\2. Maven\apache-maven-3.8.8\lib\commons-cli.license",File,4,"3. Backend\2. Maven\apache-maven-3.8.8\lib"
"3. Backend\2. Maven\apache-maven-3.8.8\lib\commons-lang3-3.8.1.jar",File,4,"3. Backend\2. Maven\apache-maven-3.8.8\lib"
"3. Backend\2. Maven\apache-maven-3.8.8\lib\commons-lang3.license",File,4,"3. Backend\2. Maven\apache-maven-3.8.8\lib"
"3. Backend\2. Maven\apache-maven-3.8.8\lib\guava-25.1-android.jar",File,4,"3. Backend\2. Maven\apache-maven-3.8.8\lib"
"3. Backend\2. Maven\apache-maven-3.8.8\lib\guava.license",File,4,"3. Backend\2. Maven\apache-maven-3.8.8\lib"
"3. Backend\2. Maven\apache-maven-3.8.8\lib\guice-4.2.2-no_aop.jar",File,4,"3. Backend\2. Maven\apache-maven-3.8.8\lib"
"3. Backend\2. Maven\apache-maven-3.8.8\lib\guice.license",File,4,"3. Backend\2. Maven\apache-maven-3.8.8\lib"
"3. Backend\2. Maven\apache-maven-3.8.8\lib\jansi-2.4.0.jar",File,4,"3. Backend\2. Maven\apache-maven-3.8.8\lib"
"3. Backend\2. Maven\apache-maven-3.8.8\lib\jansi.license",File,4,"3. Backend\2. Maven\apache-maven-3.8.8\lib"
"3. Backend\2. Maven\apache-maven-3.8.8\lib\javax.annotation-api-1.2.jar",File,4,"3. Backend\2. Maven\apache-maven-3.8.8\lib"
"3. Backend\2. Maven\apache-maven-3.8.8\lib\javax.annotation-api.license",File,4,"3. Backend\2. Maven\apache-maven-3.8.8\lib"
"3. Backend\2. Maven\apache-maven-3.8.8\lib\javax.inject-1.jar",File,4,"3. Backend\2. Maven\apache-maven-3.8.8\lib"
"3. Backend\2. Maven\apache-maven-3.8.8\lib\javax.inject.license",File,4,"3. Backend\2. Maven\apache-maven-3.8.8\lib"
"3. Backend\2. Maven\apache-maven-3.8.8\lib\jcl-over-slf4j-1.7.36.jar",File,4,"3. Backend\2. Maven\apache-maven-3.8.8\lib"
"3. Backend\2. Maven\apache-maven-3.8.8\lib\jcl-over-slf4j.license",File,4,"3. Backend\2. Maven\apache-maven-3.8.8\lib"
"3. Backend\2. Maven\apache-maven-3.8.8\lib\maven-artifact-3.8.8.jar",File,4,"3. Backend\2. Maven\apache-maven-3.8.8\lib"
"3. Backend\2. Maven\apache-maven-3.8.8\lib\maven-builder-support-3.8.8.jar",File,4,"3. Backend\2. Maven\apache-maven-3.8.8\lib"
"3. Backend\2. Maven\apache-maven-3.8.8\lib\maven-compat-3.8.8.jar",File,4,"3. Backend\2. Maven\apache-maven-3.8.8\lib"
"3. Backend\2. Maven\apache-maven-3.8.8\lib\maven-core-3.8.8.jar",File,4,"3. Backend\2. Maven\apache-maven-3.8.8\lib"
"3. Backend\2. Maven\apache-maven-3.8.8\lib\maven-embedder-3.8.8.jar",File,4,"3. Backend\2. Maven\apache-maven-3.8.8\lib"
"3. Backend\2. Maven\apache-maven-3.8.8\lib\maven-model-3.8.8.jar",File,4,"3. Backend\2. Maven\apache-maven-3.8.8\lib"
"3. Backend\2. Maven\apache-maven-3.8.8\lib\maven-model-builder-3.8.8.jar",File,4,"3. Backend\2. Maven\apache-maven-3.8.8\lib"
"3. Backend\2. Maven\apache-maven-3.8.8\lib\maven-plugin-api-3.8.8.jar",File,4,"3. Backend\2. Maven\apache-maven-3.8.8\lib"
"3. Backend\2. Maven\apache-maven-3.8.8\lib\maven-repository-metadata-3.8.8.jar",File,4,"3. Backend\2. Maven\apache-maven-3.8.8\lib"
"3. Backend\2. Maven\apache-maven-3.8.8\lib\maven-resolver-api-1.6.3.jar",File,4,"3. Backend\2. Maven\apache-maven-3.8.8\lib"
"3. Backend\2. Maven\apache-maven-3.8.8\lib\maven-resolver-connector-basic-1.6.3.jar",File,4,"3. Backend\2. Maven\apache-maven-3.8.8\lib"
"3. Backend\2. Maven\apache-maven-3.8.8\lib\maven-resolver-impl-1.6.3.jar",File,4,"3. Backend\2. Maven\apache-maven-3.8.8\lib"
"3. Backend\2. Maven\apache-maven-3.8.8\lib\maven-resolver-provider-3.8.8.jar",File,4,"3. Backend\2. Maven\apache-maven-3.8.8\lib"
"3. Backend\2. Maven\apache-maven-3.8.8\lib\maven-resolver-spi-1.6.3.jar",File,4,"3. Backend\2. Maven\apache-maven-3.8.8\lib"
"3. Backend\2. Maven\apache-maven-3.8.8\lib\maven-resolver-transport-wagon-1.6.3.jar",File,4,"3. Backend\2. Maven\apache-maven-3.8.8\lib"
"3. Backend\2. Maven\apache-maven-3.8.8\lib\maven-resolver-util-1.6.3.jar",File,4,"3. Backend\2. Maven\apache-maven-3.8.8\lib"
"3. Backend\2. Maven\apache-maven-3.8.8\lib\maven-settings-3.8.8.jar",File,4,"3. Backend\2. Maven\apache-maven-3.8.8\lib"
"3. Backend\2. Maven\apache-maven-3.8.8\lib\maven-settings-builder-3.8.8.jar",File,4,"3. Backend\2. Maven\apache-maven-3.8.8\lib"
"3. Backend\2. Maven\apache-maven-3.8.8\lib\maven-shared-utils-3.3.4.jar",File,4,"3. Backend\2. Maven\apache-maven-3.8.8\lib"
"3. Backend\2. Maven\apache-maven-3.8.8\lib\maven-slf4j-provider-3.8.8.jar",File,4,"3. Backend\2. Maven\apache-maven-3.8.8\lib"
"3. Backend\2. Maven\apache-maven-3.8.8\lib\org.eclipse.sisu.inject-0.3.5.jar",File,4,"3. Backend\2. Maven\apache-maven-3.8.8\lib"
"3. Backend\2. Maven\apache-maven-3.8.8\lib\org.eclipse.sisu.inject.license",File,4,"3. Backend\2. Maven\apache-maven-3.8.8\lib"
"3. Backend\2. Maven\apache-maven-3.8.8\lib\org.eclipse.sisu.plexus-0.3.5.jar",File,4,"3. Backend\2. Maven\apache-maven-3.8.8\lib"
"3. Backend\2. Maven\apache-maven-3.8.8\lib\org.eclipse.sisu.plexus.license",File,4,"3. Backend\2. Maven\apache-maven-3.8.8\lib"
"3. Backend\2. Maven\apache-maven-3.8.8\lib\plexus-cipher-2.0.jar",File,4,"3. Backend\2. Maven\apache-maven-3.8.8\lib"
"3. Backend\2. Maven\apache-maven-3.8.8\lib\plexus-cipher.license",File,4,"3. Backend\2. Maven\apache-maven-3.8.8\lib"
"3. Backend\2. Maven\apache-maven-3.8.8\lib\plexus-component-annotations-2.1.0.jar",File,4,"3. Backend\2. Maven\apache-maven-3.8.8\lib"
"3. Backend\2. Maven\apache-maven-3.8.8\lib\plexus-component-annotations.license",File,4,"3. Backend\2. Maven\apache-maven-3.8.8\lib"
"3. Backend\2. Maven\apache-maven-3.8.8\lib\plexus-interpolation-1.26.jar",File,4,"3. Backend\2. Maven\apache-maven-3.8.8\lib"
"3. Backend\2. Maven\apache-maven-3.8.8\lib\plexus-interpolation.license",File,4,"3. Backend\2. Maven\apache-maven-3.8.8\lib"
"3. Backend\2. Maven\apache-maven-3.8.8\lib\plexus-sec-dispatcher-2.0.jar",File,4,"3. Backend\2. Maven\apache-maven-3.8.8\lib"
"3. Backend\2. Maven\apache-maven-3.8.8\lib\plexus-sec-dispatcher.license",File,4,"3. Backend\2. Maven\apache-maven-3.8.8\lib"
"3. Backend\2. Maven\apache-maven-3.8.8\lib\plexus-utils-3.3.1.jar",File,4,"3. Backend\2. Maven\apache-maven-3.8.8\lib"
"3. Backend\2. Maven\apache-maven-3.8.8\lib\plexus-utils.license",File,4,"3. Backend\2. Maven\apache-maven-3.8.8\lib"
"3. Backend\2. Maven\apache-maven-3.8.8\lib\slf4j-api-1.7.36.jar",File,4,"3. Backend\2. Maven\apache-maven-3.8.8\lib"
"3. Backend\2. Maven\apache-maven-3.8.8\lib\slf4j-api.license",File,4,"3. Backend\2. Maven\apache-maven-3.8.8\lib"
"3. Backend\2. Maven\apache-maven-3.8.8\lib\wagon-file-3.5.3.jar",File,4,"3. Backend\2. Maven\apache-maven-3.8.8\lib"
"3. Backend\2. Maven\apache-maven-3.8.8\lib\wagon-http-3.5.3-shaded.jar",File,4,"3. Backend\2. Maven\apache-maven-3.8.8\lib"
"3. Backend\2. Maven\apache-maven-3.8.8\lib\wagon-provider-api-3.5.3.jar",File,4,"3. Backend\2. Maven\apache-maven-3.8.8\lib"
"3. Backend\2. Maven\apache-maven-3.8.8\lib\ext\README.txt",File,5,"3. Backend\2. Maven\apache-maven-3.8.8\lib\ext"
"3. Backend\2. Maven\apache-maven-3.8.8\lib\jansi-native\Windows",Folder,5,"3. Backend\2. Maven\apache-maven-3.8.8\lib\jansi-native"
"3. Backend\2. Maven\apache-maven-3.8.8\lib\jansi-native\README.txt",File,5,"3. Backend\2. Maven\apache-maven-3.8.8\lib\jansi-native"
"3. Backend\2. Maven\apache-maven-3.8.8\lib\jansi-native\Windows\x86",Folder,6,"3. Backend\2. Maven\apache-maven-3.8.8\lib\jansi-native\Windows"
"3. Backend\2. Maven\apache-maven-3.8.8\lib\jansi-native\Windows\x86_64",Folder,6,"3. Backend\2. Maven\apache-maven-3.8.8\lib\jansi-native\Windows"
"3. Backend\2. Maven\apache-maven-3.8.8\lib\jansi-native\Windows\x86\jansi.dll",File,7,"3. Backend\2. Maven\apache-maven-3.8.8\lib\jansi-native\Windows\x86"
"3. Backend\2. Maven\apache-maven-3.8.8\lib\jansi-native\Windows\x86_64\jansi.dll",File,7,"3. Backend\2. Maven\apache-maven-3.8.8\lib\jansi-native\Windows\x86_64"
"4. Both\1. Webpack",Folder,1,"4. Both"
"4. Both\2. Build",Folder,1,"4. Both"
"4. Both\1. Webpack\.eslintrc",File,2,"4. Both\1. Webpack"
"4. Both\1. Webpack\webpack.config.base.js",File,2,"4. Both\1. Webpack"
"4. Both\1. Webpack\webpack.config.eslint.js",File,2,"4. Both\1. Webpack"
"4. Both\1. Webpack\webpack.config.main.prod.babel.js",File,2,"4. Both\1. Webpack"
"4. Both\1. Webpack\webpack.config.renderer.dev.babel.js",File,2,"4. Both\1. Webpack"
"4. Both\1. Webpack\webpack.config.renderer.dev.dll.babel.js",File,2,"4. Both\1. Webpack"
"4. Both\1. Webpack\webpack.config.renderer.prod.babel.js",File,2,"4. Both\1. Webpack"
"4. Both\2. Build\img",Folder,2,"4. Both\2. Build"
"4. Both\2. Build\mocks",Folder,2,"4. Both\2. Build"
"4. Both\2. Build\scripts",Folder,2,"4. Both\2. Build"
"4. Both\2. Build\img\erb-banner.png",File,3,"4. Both\2. Build\img"
"4. Both\2. Build\img\erb-logo.png",File,3,"4. Both\2. Build\img"
"4. Both\2. Build\img\eslint-padded-90.png",File,3,"4. Both\2. Build\img"
"4. Both\2. Build\img\eslint-padded.png",File,3,"4. Both\2. Build\img"
"4. Both\2. Build\img\eslint.png",File,3,"4. Both\2. Build\img"
"4. Both\2. Build\img\jest-padded-90.png",File,3,"4. Both\2. Build\img"
"4. Both\2. Build\img\jest-padded.png",File,3,"4. Both\2. Build\img"
"4. Both\2. Build\img\jest.png",File,3,"4. Both\2. Build\img"
"4. Both\2. Build\img\js-padded.png",File,3,"4. Both\2. Build\img"
"4. Both\2. Build\img\js.png",File,3,"4. Both\2. Build\img"
"4. Both\2. Build\img\npm.png",File,3,"4. Both\2. Build\img"
"4. Both\2. Build\img\react-padded-90.png",File,3,"4. Both\2. Build\img"
"4. Both\2. Build\img\react-padded.png",File,3,"4. Both\2. Build\img"
"4. Both\2. Build\img\react-router-padded-90.png",File,3,"4. Both\2. Build\img"
"4. Both\2. Build\img\react-router-padded.png",File,3,"4. Both\2. Build\img"
"4. Both\2. Build\img\react-router.png",File,3,"4. Both\2. Build\img"
"4. Both\2. Build\img\react.png",File,3,"4. Both\2. Build\img"
"4. Both\2. Build\img\redux-padded-90.png",File,3,"4. Both\2. Build\img"
"4. Both\2. Build\img\redux-padded.png",File,3,"4. Both\2. Build\img"
"4. Both\2. Build\img\redux.png",File,3,"4. Both\2. Build\img"
"4. Both\2. Build\img\webpack-padded-90.png",File,3,"4. Both\2. Build\img"
"4. Both\2. Build\img\webpack-padded.png",File,3,"4. Both\2. Build\img"
"4. Both\2. Build\img\webpack.png",File,3,"4. Both\2. Build\img"
"4. Both\2. Build\img\yarn-padded-90.png",File,3,"4. Both\2. Build\img"
"4. Both\2. Build\img\yarn-padded.png",File,3,"4. Both\2. Build\img"
"4. Both\2. Build\img\yarn.png",File,3,"4. Both\2. Build\img"
"4. Both\2. Build\mocks\fileMock.js",File,3,"4. Both\2. Build\mocks"
"4. Both\2. Build\scripts\.eslintrc",File,3,"4. Both\2. Build\scripts"
"4. Both\2. Build\scripts\BabelRegister.js",File,3,"4. Both\2. Build\scripts"
"4. Both\2. Build\scripts\CheckBuildsExist.js",File,3,"4. Both\2. Build\scripts"
"4. Both\2. Build\scripts\CheckNativeDep.js",File,3,"4. Both\2. Build\scripts"
"4. Both\2. Build\scripts\CheckNodeEnv.js",File,3,"4. Both\2. Build\scripts"
"4. Both\2. Build\scripts\CheckPortInUse.js",File,3,"4. Both\2. Build\scripts"
"4. Both\2. Build\scripts\CheckYarn.js",File,3,"4. Both\2. Build\scripts"
"4. Both\2. Build\scripts\DeleteSourceMaps.js",File,3,"4. Both\2. Build\scripts"
"4. Both\2. Build\scripts\ElectronRebuild.js",File,3,"4. Both\2. Build\scripts"
